mechanism,rho_requested,rho_realized,auc_lsm,auc_lsm_sd,auc_marg,mean_dU,frac_dU_pos,dU_per_changed,n,auc_lsm_sd_across_splits
conditional_cross,0.01,0.004260455092509411,0.5049016649061918,0.0007759594165195581,0.5001410894824203,1.1359781197718222,0.5723404255319149,0.5027367639040281,9,0.00023329989019357536
conditional_cross,0.02,0.00840331184230101,0.5097681203158795,0.001107347097265862,0.5001725265328706,2.357631995338043,0.6524822695035462,0.5280436311931154,9,0.000690479792105814
conditional_cross,0.05,0.021318600055870444,0.5272637191288164,0.002127556164125278,0.5008299381318847,6.709941282548002,0.7775413711583925,0.5923412757503695,9,0.0008390915094789429
conditional_cross,0.1,0.04341485563165484,0.55914943916302,0.0037933964806915583,0.5012861526080177,14.757099296613246,0.8860520094562648,0.6396707318301379,9,0.004029404804433123
conditional_cross,0.2,0.08999447673982654,0.6384764347869826,0.002372516966750952,0.5041351038680147,36.15702078058296,0.9652482269503546,0.7560840276177164,9,0.00022739225039014417
conditional_self,0.01,0.004237710373880878,0.5015590262059253,0.0005335135067901455,0.49995674261858053,0.4038978927019865,0.5018912529550827,0.17942578613009452,9,0.0004357280253478088
conditional_self,0.02,0.008402999075587343,0.5041740858105729,0.000917615922885476,0.49988406015793974,0.9749609080057002,0.5553191489361703,0.21823779785876524,9,0.0003043785032519348
conditional_self,0.05,0.02123140190789101,0.5144917257683215,0.001110012875928045,0.5001649816407625,3.461167562733022,0.6605200945626478,0.3067945036450139,9,0.0007148741807820357
conditional_self,0.1,0.043433357117037934,0.5344997736532368,0.0013892308033547692,0.5004114481162919,8.403990943840055,0.7572104018912529,0.3640597890418691,9,0.0008203681616410928
conditional_self,0.2,0.08961596531177422,0.5962667873849404,0.004914059125725424,0.5007026809516624,24.180514252136753,0.9016548463356975,0.5077423124260927,9,0.0044154400124953065
hotdeck,0.01,0.0049647394336695995,0.5165804034002314,0.0005893267121999691,0.49896408631356576,4.138886442026527,0.7531914893617021,1.5689263807271479,9,0.00040765487975215743
hotdeck,0.02,0.009904885835563378,0.5347231024596348,0.001908121673512787,0.4983210100095568,8.708732283858998,0.8676122931442081,1.654306362726085,9,0.0006366534469126433
hotdeck,0.05,0.02472724278819239,0.5808264171822343,0.001740622961420547,0.4964604396157135,21.01867335881122,0.9645390070921985,1.5996889390792886,9,0.0010544016639571733
hotdeck,0.1,0.04961289897747676,0.6470247975453951,0.0028196673032696673,0.49203561189074996,39.24334011495521,0.9914893617021276,1.4885795694116084,9,0.0016864643750769206
hotdeck,0.2,0.09930065393980428,0.7428368794326241,0.003971141560151703,0.4830486394044565,70.57690006091383,0.9983451536643027,1.33747608483812,9,0.00376367079569794
permutation,0.01,0.005407275951579801,0.5260017101755445,0.0016184961317119019,0.500061868115286,6.54737709440656,0.8148936170212766,2.278260699255801,9,0.0013149156779121236
permutation,0.02,0.012114807508522889,0.5552703586338716,0.0014598590273801454,0.5001931492379659,13.993947791168514,0.9326241134751773,2.173801949455297,9,0.00039389997475237324
permutation,0.05,0.03134758792735487,0.6303757356269806,0.0027538262932066456,0.5005995674261858,34.614525858572065,0.9933806146572104,2.0781387715864734,9,0.0023704206731495637
permutation,0.1,0.061896613826353586,0.7307695789950204,0.002451399190007661,0.5013334339318948,66.1007582486789,0.9995271867612294,2.0097594259560387,9,0.0010298089543996378
permutation,0.2,0.12212065012493555,0.8621477792867562,0.0021408947442008793,0.5027558975906644,123.03377176079604,0.9997635933806147,1.8959733823317235,9,0.0016341590716166582
sequential_cross,0.01,0.004233624283712844,0.5042052713646195,0.00038666302282735885,0.5000545747195815,1.0318455757010785,0.5650118203309692,0.4586718849778228,9,0.00015616711657920747
sequential_cross,0.02,0.008473551794455456,0.5097256174236708,0.0008008900307275333,0.500288969367738,2.3313124253730546,0.6628841607565011,0.517708809024692,9,0.00023642414321936077
sequential_cross,0.05,0.02121575506211169,0.5252452089935113,0.0016094193971195356,0.5006302499874251,6.238205289303069,0.766193853427896,0.5533649134017327,9,0.0012682054713096865
sequential_cross,0.1,0.043095269332011854,0.5512444042050199,0.0022236417586232963,0.5010482370102108,12.751071377443262,0.8472813238770686,0.5568482534980472,9,0.002272167944306115
sequential_cross,0.2,0.08885853201079347,0.6087586137518234,0.0029118002611092596,0.5033288063980685,27.848827406862892,0.9319148936170214,0.589808257186913,9,0.0031441086607759527
sequential_self,0.01,0.004215932872242111,0.5017192294150193,0.0008507884602190425,0.49988406015793974,0.41375827491676526,0.5018912529550827,0.18439830931644277,9,0.0006111280327272529
sequential_self,0.02,0.008426104864267567,0.5042241335948896,0.0012553335035577877,0.4998943715104873,1.03961364104848,0.5699763593380616,0.2320410920601233,9,0.0004260441865401867
sequential_self,0.05,0.021266655751775623,0.5120094562647755,0.0015424953905176233,0.5002499874251798,2.854564396146562,0.6361702127659574,0.25247845535819174,9,0.0009536150679485021
sequential_self,0.1,0.04304599590651923,0.5247326593229718,0.0015218737516295433,0.5003365021880187,5.919563806618211,0.6929078014184397,0.25876082632993036,9,0.0004828031424106041
sequential_self,0.2,0.08826035844499093,0.5599341079422564,0.004336262366290633,0.5004260349077008,14.40724772186847,0.7997635933806146,0.30708774450247117,9,0.0031315521043589847
uniform,0.01,0.0071246888083995,0.5471862582365072,0.001493118278661598,0.5159790754992204,11.888575574164305,0.9595744680851064,3.1401696835672457,9,0.0013208348812600466
uniform,0.02,0.014312675247490577,0.5927780292741814,0.0029869952472580544,0.5308742014989185,23.937313007172648,0.9929078014184398,3.1474322518380924,9,0.001850681293076374
uniform,0.05,0.03555270262110225,0.7098843116543434,0.003609979762756829,0.5743327800412454,59.32534505915861,1.0,3.140173191640125,9,0.000157876454209046
uniform,0.1,0.07124414101354438,0.8457562496856296,0.0032039559122330145,0.6401096524319702,115.30457436427567,1.0,3.0458333221852674,9,0.0027007633794006378
uniform,0.2,0.14264261824270386,0.9665791459182134,0.001498924937255867,0.7482536089733917,223.64646730600194,1.0,2.95063708858471,9,0.0007999336427283076
