mechanism,rho_requested,rho_realized,auc_lsm,auc_lsm_sd,auc_marg,mean_dU,frac_dU_pos,dU_per_changed,n
conditional,0.005,0.00167884437725704,0.5009777,0.0008624996811593304,0.4999231,0.11760977578466332,0.21059999999999998,0.29515401340551184,5
conditional,0.01,0.0038674729150919005,0.5022491,0.0009882658043259482,0.5000745,0.3141853577238599,0.3674,0.33823422519859425,5
conditional,0.02,0.007611489040060421,0.5030481,0.001055792853735988,0.5004473,0.40277265085471087,0.48840000000000006,0.22149977035288088,5
conditional,0.05,0.01943730578651208,0.5126718,0.0018430623497320865,0.500996,1.913376657905043,0.584,0.41344500332343614,5
conditional,0.1,0.03956244226085492,0.5387296,0.00260628592061578,0.5020028,6.123170973770685,0.6412,0.6499919713838309,5
conditional,0.2,0.0812018140589569,0.6151504,0.004540006530832259,0.5024312,19.352380872527853,0.7462,1.0008696317739374,5
hotdeck,0.005,0.0017796254304190198,0.5120184,0.0015440682222622234,0.49966980000000005,1.9727962826276317,0.2636,4.655793096936767,5
hotdeck,0.01,0.0041353825480809,0.5249858,0.0022026091232898895,0.4990207,4.359408175998776,0.4673999999999999,4.426482506958242,5
hotdeck,0.02,0.00842697572856298,0.550448,0.003037641581062532,0.4982184,8.742594253495914,0.6512,4.3522177822409915,5
hotdeck,0.05,0.021113630637440102,0.6150826,0.0026846330615188296,0.4952126,21.386292593485372,0.7926,4.254211004623086,5
hotdeck,0.1,0.042477534223565885,0.7038287999999999,0.008784152360928183,0.49060880000000007,40.57521434423271,0.8782,4.011369552200809,5
hotdeck,0.2,0.08511379860586206,0.8038450000000001,0.006214306638716811,0.48111899999999996,69.41483769684771,0.9256,3.4249708259904197,5
permutation,0.005,0.00234735869656498,0.5154987,0.0011512319814007562,0.5000996000000001,2.7571266448010876,0.2932,4.93225882441761,5
permutation,0.01,0.0054808096077937005,0.5411914,0.0026868433011621624,0.5002215999999999,6.97101706404317,0.538,5.34047627949605,5
permutation,0.02,0.01108003695305278,0.5790725,0.006993826974554063,0.5003585,13.877377518961268,0.7298,5.256747839858771,5
permutation,0.05,0.02738557151255556,0.6741199,0.006782743060517623,0.5007831,33.304152157699136,0.8888,5.106467702789345,5
permutation,0.1,0.0531208532795834,0.782195,0.004689536864126362,0.5018558,61.911275016413434,0.9469999999999998,4.894427848376827,5
permutation,0.2,0.10427395649617865,0.9023452000000001,0.0033383088832521332,0.5033226,111.57300595378301,0.9805999999999999,4.493164572772318,5
sequential,0.005,0.0016236947453878332,0.5007051666666666,0.00013264645993517468,0.49981116666666664,0.11677385129233427,0.20066666666666666,0.30058165978479967,3
sequential,0.01,0.0038828700204360995,0.5009856666666667,0.0005102843161741411,0.499937,0.092540343897135,0.36200000000000004,0.10049176527472314,3
sequential,0.02,0.007678956356205,0.502634,0.0006716273148108048,0.49978283333333334,0.4448724500610075,0.46900000000000003,0.24274259034867254,3
sequential,0.05,0.019249181153943033,0.5094188333333333,0.001437034823284882,0.5006265,1.281425210030707,0.5656666666666667,0.27938874799196,3
sequential,0.1,0.03943338652333354,0.5215716666666667,0.008240138186543582,0.502344,3.2372494170184587,0.6056666666666667,0.3445734753989463,3
sequential,0.2,0.08076901542510002,0.548976,0.0030614664786667175,0.5032896666666667,7.380649362914018,0.638,0.38352873308823887,3
uniform,0.005,0.00278743596203908,0.5356324,0.0015903651860500365,0.507719,5.816556329307677,0.547,8.767079849600137,5
uniform,0.01,0.00667926429831186,0.5742398,0.006148885860462802,0.5181933,12.922330931782756,0.8042,8.118780591659778,5
uniform,0.02,0.01316032585873852,0.6379311999999999,0.005115129160148368,0.5352616,24.70867267722378,0.9200000000000002,7.88329537239878,5
uniform,0.05,0.03326614596455862,0.7907294,0.0029614013236979597,0.5885038,61.66379312176664,0.9794,7.784114881984776,5
uniform,0.1,0.06628201898043162,0.9153765999999999,0.004573368321051769,0.667133,118.07472350267146,0.9942,7.480382936798651,5
uniform,0.2,0.13268833459309648,0.9872477999999999,0.0006613487733412555,0.8018204000000001,220.457517863862,0.999,6.976914109172071,5
