generator,rho_requested,detector,real,auc
latentclass_conditional,0.005,iforest,0.0018014613252708,0.5005856666666667
latentclass_conditional,0.005,knn,0.0018014613252708,0.5017174999999999
latentclass_conditional,0.005,latentclass,0.0018014613252708,0.4998751666666667
latentclass_conditional,0.005,logreg,0.0018014613252708,0.5058391666666666
latentclass_conditional,0.005,lsm_native,0.0018014613252708,0.5119796666666666
latentclass_conditional,0.005,marginal,0.0018014613252708,0.5001063333333333
latentclass_conditional,0.005,pairwise,0.0018014613252708,0.5091838333333333
latentclass_conditional,0.005,pca,0.0018014613252708,0.5026388333333333
latentclass_conditional,0.01,iforest,0.004466560286666033,0.5001106666666667
latentclass_conditional,0.01,knn,0.004466560286666033,0.502904
latentclass_conditional,0.01,latentclass,0.004466560286666033,0.49935799999999997
latentclass_conditional,0.01,logreg,0.004466560286666033,0.5128726666666666
latentclass_conditional,0.01,lsm_native,0.004466560286666033,0.5306493333333333
latentclass_conditional,0.01,marginal,0.004466560286666033,0.4999876666666667
latentclass_conditional,0.01,pairwise,0.004466560286666033,0.5226006666666666
latentclass_conditional,0.01,pca,0.004466560286666033,0.50527
latentclass_conditional,0.02,iforest,0.008867332941406967,0.5009506666666667
latentclass_conditional,0.02,knn,0.008867332941406967,0.5058476666666666
latentclass_conditional,0.02,latentclass,0.008867332941406967,0.49940933333333337
latentclass_conditional,0.02,logreg,0.008867332941406967,0.5251893333333334
latentclass_conditional,0.02,lsm_native,0.008867332941406967,0.5599661666666667
latentclass_conditional,0.02,marginal,0.008867332941406967,0.5004793333333333
latentclass_conditional,0.02,pairwise,0.008867332941406967,0.5442376666666666
latentclass_conditional,0.02,pca,0.008867332941406967,0.5101883333333334
latentclass_conditional,0.05,iforest,0.022626746171719666,0.5011218333333334
latentclass_conditional,0.05,knn,0.022626746171719666,0.5151746666666667
latentclass_conditional,0.05,latentclass,0.022626746171719666,0.4976228333333333
latentclass_conditional,0.05,logreg,0.022626746171719666,0.5611281666666667
latentclass_conditional,0.05,lsm_native,0.022626746171719666,0.6398918333333333
latentclass_conditional,0.05,marginal,0.022626746171719666,0.5007698333333334
latentclass_conditional,0.05,pairwise,0.022626746171719666,0.6019158333333333
latentclass_conditional,0.05,pca,0.022626746171719666,0.5265121666666667
latentclass_conditional,0.1,iforest,0.04488816102572713,0.503682
latentclass_conditional,0.1,knn,0.04488816102572713,0.533979
latentclass_conditional,0.1,latentclass,0.04488816102572713,0.49734533333333336
latentclass_conditional,0.1,logreg,0.04488816102572713,0.6203523333333333
latentclass_conditional,0.1,lsm_native,0.04488816102572713,0.7402753333333333
latentclass_conditional,0.1,marginal,0.04488816102572713,0.5029309999999999
latentclass_conditional,0.1,pairwise,0.04488816102572713,0.6926603333333333
latentclass_conditional,0.1,pca,0.04488816102572713,0.5538698333333333
latentclass_conditional,0.2,iforest,0.09048738837098623,0.5036546666666667
latentclass_conditional,0.2,knn,0.09048738837098623,0.5634215
latentclass_conditional,0.2,latentclass,0.09048738837098623,0.491641
latentclass_conditional,0.2,logreg,0.09048738837098623,0.7143536666666667
latentclass_conditional,0.2,lsm_native,0.09048738837098623,0.86023
latentclass_conditional,0.2,marginal,0.09048738837098623,0.5036686666666667
latentclass_conditional,0.2,pairwise,0.09048738837098623,0.8173696666666667
latentclass_conditional,0.2,pca,0.09048738837098623,0.598894
logreg_conditional,0.005,iforest,0.0013815402704290998,0.5000328333333334
logreg_conditional,0.005,knn,0.0013815402704290998,0.5001198333333333
logreg_conditional,0.005,latentclass,0.0013815402704290998,0.4999445
logreg_conditional,0.005,logreg,0.0013815402704290998,0.4985658333333333
logreg_conditional,0.005,lsm_native,0.0013815402704290998,0.5030071666666666
logreg_conditional,0.005,marginal,0.0013815402704290998,0.4998106666666667
logreg_conditional,0.005,pairwise,0.0013815402704290998,0.5021225
logreg_conditional,0.005,pca,0.0013815402704290998,0.500007
logreg_conditional,0.01,iforest,0.003376165280927167,0.49948166666666666
logreg_conditional,0.01,knn,0.003376165280927167,0.49966333333333335
logreg_conditional,0.01,latentclass,0.003376165280927167,0.4998576666666666
logreg_conditional,0.01,logreg,0.003376165280927167,0.4951483333333333
logreg_conditional,0.01,lsm_native,0.003376165280927167,0.5085459999999999
logreg_conditional,0.01,marginal,0.003376165280927167,0.49966316666666666
logreg_conditional,0.01,pairwise,0.003376165280927167,0.5056763333333333
logreg_conditional,0.01,pca,0.003376165280927167,0.4992526666666666
logreg_conditional,0.02,iforest,0.0068251168780268665,0.500296
logreg_conditional,0.02,knn,0.0068251168780268665,0.4995148333333333
logreg_conditional,0.02,latentclass,0.0068251168780268665,0.499728
logreg_conditional,0.02,logreg,0.0068251168780268665,0.49039499999999997
logreg_conditional,0.02,lsm_native,0.0068251168780268665,0.5195504999999999
logreg_conditional,0.02,marginal,0.0068251168780268665,0.49927583333333336
logreg_conditional,0.02,pairwise,0.0068251168780268665,0.5120786666666667
logreg_conditional,0.02,pca,0.0068251168780268665,0.49890966666666664
logreg_conditional,0.05,iforest,0.017353937459757534,0.4987623333333333
logreg_conditional,0.05,knn,0.017353937459757534,0.499975
logreg_conditional,0.05,latentclass,0.017353937459757534,0.4997336666666667
logreg_conditional,0.05,logreg,0.017353937459757534,0.478931
logreg_conditional,0.05,lsm_native,0.017353937459757534,0.5444616666666667
logreg_conditional,0.05,marginal,0.017353937459757534,0.49835
logreg_conditional,0.05,pairwise,0.017353937459757534,0.5286306666666666
logreg_conditional,0.05,pca,0.017353937459757534,0.49861700000000003
logreg_conditional,0.1,iforest,0.03542873939699331,0.500154
logreg_conditional,0.1,knn,0.03542873939699331,0.5058606666666666
logreg_conditional,0.1,latentclass,0.03542873939699331,0.5033983333333333
logreg_conditional,0.1,logreg,0.03542873939699331,0.4657343333333333
logreg_conditional,0.1,lsm_native,0.03542873939699331,0.5936166666666667
logreg_conditional,0.1,marginal,0.03542873939699331,0.49925033333333335
logreg_conditional,0.1,pairwise,0.03542873939699331,0.5654413333333334
logreg_conditional,0.1,pca,0.03542873939699331,0.501861
logreg_conditional,0.2,iforest,0.07339520170207997,0.5022293333333333
logreg_conditional,0.2,knn,0.07339520170207997,0.521713
logreg_conditional,0.2,latentclass,0.07339520170207997,0.5147930000000001
logreg_conditional,0.2,logreg,0.07339520170207997,0.45812433333333336
logreg_conditional,0.2,lsm_native,0.07339520170207997,0.6855060000000001
logreg_conditional,0.2,marginal,0.07339520170207997,0.5011536666666667
logreg_conditional,0.2,pairwise,0.07339520170207997,0.6465856666666667
logreg_conditional,0.2,pca,0.07339520170207997,0.5176573333333333
lsm_native_conditional,0.005,iforest,0.0015579071134626,0.5003356666666666
lsm_native_conditional,0.005,knn,0.0015579071134626,0.501201
lsm_native_conditional,0.005,latentclass,0.0015579071134626,0.5008165
lsm_native_conditional,0.005,logreg,0.0015579071134626,0.5032258333333334
lsm_native_conditional,0.005,lsm_native,0.0015579071134626,0.4998026666666666
lsm_native_conditional,0.005,marginal,0.0015579071134626,0.5001155
lsm_native_conditional,0.005,pairwise,0.0015579071134626,0.5024798333333333
lsm_native_conditional,0.005,pca,0.0015579071134626,0.5017870000000001
lsm_native_conditional,0.01,iforest,0.003824081072758267,0.4998555
lsm_native_conditional,0.01,knn,0.003824081072758267,0.5016283333333333
lsm_native_conditional,0.01,latentclass,0.003824081072758267,0.5014903333333333
lsm_native_conditional,0.01,logreg,0.003824081072758267,0.5065413333333333
lsm_native_conditional,0.01,lsm_native,0.003824081072758267,0.5012983333333333
lsm_native_conditional,0.01,marginal,0.003824081072758267,0.4998286666666667
lsm_native_conditional,0.01,pairwise,0.003824081072758267,0.5063256666666667
lsm_native_conditional,0.01,pca,0.003824081072758267,0.5028918333333333
lsm_native_conditional,0.02,iforest,0.007680356093054466,0.5011783333333333
lsm_native_conditional,0.02,knn,0.007680356093054466,0.504396
lsm_native_conditional,0.02,latentclass,0.007680356093054466,0.5036951666666667
lsm_native_conditional,0.02,logreg,0.007680356093054466,0.5136581666666667
lsm_native_conditional,0.02,lsm_native,0.007680356093054466,0.5033548333333333
lsm_native_conditional,0.02,marginal,0.007680356093054466,0.500441
lsm_native_conditional,0.02,pairwise,0.007680356093054466,0.5127408333333333
lsm_native_conditional,0.02,pca,0.007680356093054466,0.5069621666666667
lsm_native_conditional,0.05,iforest,0.019186192995716767,0.5011091666666667
lsm_native_conditional,0.05,knn,0.019186192995716767,0.5110806666666666
lsm_native_conditional,0.05,latentclass,0.019186192995716767,0.5088186666666666
lsm_native_conditional,0.05,logreg,0.019186192995716767,0.5330556666666667
lsm_native_conditional,0.05,lsm_native,0.019186192995716767,0.5134546666666666
lsm_native_conditional,0.05,marginal,0.019186192995716767,0.5003283333333334
lsm_native_conditional,0.05,pairwise,0.019186192995716767,0.5318166666666667
lsm_native_conditional,0.05,pca,0.019186192995716767,0.5167441666666667
lsm_native_conditional,0.1,iforest,0.0393354049438705,0.5030423333333333
lsm_native_conditional,0.1,knn,0.0393354049438705,0.5259793333333334
lsm_native_conditional,0.1,latentclass,0.0393354049438705,0.5203646666666667
lsm_native_conditional,0.1,logreg,0.0393354049438705,0.5736693333333334
lsm_native_conditional,0.1,lsm_native,0.0393354049438705,0.5396736666666667
lsm_native_conditional,0.1,marginal,0.0393354049438705,0.502595
lsm_native_conditional,0.1,pairwise,0.0393354049438705,0.5720776666666666
lsm_native_conditional,0.1,pca,0.0393354049438705,0.5366736666666666
lsm_native_conditional,0.2,iforest,0.08054645726603393,0.503302
lsm_native_conditional,0.2,knn,0.08054645726603393,0.5525335
lsm_native_conditional,0.2,latentclass,0.08054645726603393,0.5404226666666666
lsm_native_conditional,0.2,logreg,0.08054645726603393,0.6449746666666667
lsm_native_conditional,0.2,lsm_native,0.08054645726603393,0.6130583333333334
lsm_native_conditional,0.2,marginal,0.08054645726603393,0.502343
lsm_native_conditional,0.2,pairwise,0.08054645726603393,0.6523423333333334
lsm_native_conditional,0.2,pca,0.08054645726603393,0.5728278333333333
permutation,0.005,iforest,0.0024201450127375665,0.5005546666666666
permutation,0.005,knn,0.0024201450127375665,0.5031131666666666
permutation,0.005,latentclass,0.0024201450127375665,0.5017391666666667
permutation,0.005,logreg,0.0024201450127375665,0.5086615
permutation,0.005,lsm_native,0.0024201450127375665,0.5173275
permutation,0.005,marginal,0.0024201450127375665,0.49995199999999995
permutation,0.005,pairwise,0.0024201450127375665,0.5142968333333333
permutation,0.005,pca,0.0024201450127375665,0.5042885
permutation,0.01,iforest,0.0054911676604798,0.5006328333333333
permutation,0.01,knn,0.0054911676604798,0.5069386666666666
permutation,0.01,latentclass,0.0054911676604798,0.5047171666666667
permutation,0.01,logreg,0.0054911676604798,0.5196018333333333
permutation,0.01,lsm_native,0.0054911676604798,0.5406365000000001
permutation,0.01,marginal,0.0054911676604798,0.5000733333333334
permutation,0.01,pairwise,0.0054911676604798,0.5301948333333334
permutation,0.01,pca,0.0054911676604798,0.5096266666666667
permutation,0.02,iforest,0.011014529268497468,0.5008745
permutation,0.02,knn,0.011014529268497468,0.5143391666666667
permutation,0.02,latentclass,0.011014529268497468,0.5088111666666667
permutation,0.02,logreg,0.011014529268497468,0.5382488333333333
permutation,0.02,lsm_native,0.011014529268497468,0.5758841666666666
permutation,0.02,marginal,0.011014529268497468,0.5000168333333334
permutation,0.02,pairwise,0.011014529268497468,0.5590148333333333
permutation,0.02,pca,0.011014529268497468,0.5197120000000001
permutation,0.05,iforest,0.0272780717225161,0.5011359999999999
permutation,0.05,knn,0.0272780717225161,0.5360346666666667
permutation,0.05,latentclass,0.0272780717225161,0.5211206666666667
permutation,0.05,logreg,0.0272780717225161,0.5921276666666667
permutation,0.05,lsm_native,0.0272780717225161,0.6699213333333334
permutation,0.05,marginal,0.0272780717225161,0.5003523333333334
permutation,0.05,pairwise,0.0272780717225161,0.6351193333333333
permutation,0.05,pca,0.0272780717225161,0.5459729999999999
permutation,0.1,iforest,0.05290025475210656,0.5029283333333333
permutation,0.1,knn,0.05290025475210656,0.5675521666666667
permutation,0.1,latentclass,0.05290025475210656,0.5421876666666666
permutation,0.1,logreg,0.05290025475210656,0.6669196666666667
permutation,0.1,lsm_native,0.05290025475210656,0.7787206666666666
permutation,0.1,marginal,0.05290025475210656,0.501606
permutation,0.1,pairwise,0.05290025475210656,0.7359196666666667
permutation,0.1,pca,0.05290025475210656,0.585826
permutation,0.2,iforest,0.10434198370706303,0.5052236666666666
permutation,0.2,knn,0.10434198370706303,0.6282985
permutation,0.2,latentclass,0.10434198370706303,0.5823963333333334
permutation,0.2,logreg,0.10434198370706303,0.7815556666666666
permutation,0.2,lsm_native,0.10434198370706303,0.9014463333333333
permutation,0.2,marginal,0.10434198370706303,0.503032
permutation,0.2,pairwise,0.10434198370706303,0.8703086666666667
permutation,0.2,pca,0.10434198370706303,0.6553108333333334
splice,0.005,iforest,0.001734273956496133,0.4999713333333333
splice,0.005,knn,0.001734273956496133,0.5005501666666667
splice,0.005,latentclass,0.001734273956496133,0.5001468333333333
splice,0.005,logreg,0.001734273956496133,0.5039415
splice,0.005,lsm_native,0.001734273956496133,0.5097801666666667
splice,0.005,marginal,0.001734273956496133,0.4995406666666667
splice,0.005,pairwise,0.001734273956496133,0.5067158333333334
splice,0.005,pca,0.001734273956496133,0.5015956666666667
splice,0.01,iforest,0.004183813443072666,0.4987421666666667
splice,0.01,knn,0.004183813443072666,0.5016046666666667
splice,0.01,latentclass,0.004183813443072666,0.500318
splice,0.01,logreg,0.004183813443072666,0.5087383333333334
splice,0.01,lsm_native,0.004183813443072666,0.5230886666666666
splice,0.01,marginal,0.004183813443072666,0.4990421666666667
splice,0.01,pairwise,0.004183813443072666,0.5179533333333333
splice,0.01,pca,0.004183813443072666,0.5031045
splice,0.02,iforest,0.008265446096133866,0.4985926666666667
splice,0.02,knn,0.008265446096133866,0.5011936666666666
splice,0.02,latentclass,0.008265446096133866,0.4999043333333333
splice,0.02,logreg,0.008265446096133866,0.5164593333333333
splice,0.02,lsm_native,0.008265446096133866,0.5508894999999999
splice,0.02,marginal,0.008265446096133866,0.4979828333333334
splice,0.02,pairwise,0.008265446096133866,0.5341823333333333
splice,0.02,pca,0.008265446096133866,0.505516
splice,0.05,iforest,0.020604126424232202,0.49736616666666666
splice,0.05,knn,0.020604126424232202,0.5026618333333334
splice,0.05,latentclass,0.020604126424232202,0.4993608333333333
splice,0.05,logreg,0.020604126424232202,0.5372828333333334
splice,0.05,lsm_native,0.020604126424232202,0.6085775
splice,0.05,marginal,0.020604126424232202,0.4945098333333333
splice,0.05,pairwise,0.020604126424232202,0.5775981666666666
splice,0.05,pca,0.020604126424232202,0.5131495
splice,0.1,iforest,0.04119705495366866,0.49415499999999996
splice,0.1,knn,0.04119705495366866,0.5007305
splice,0.1,latentclass,0.04119705495366866,0.4999716666666667
splice,0.1,logreg,0.04119705495366866,0.5709833333333333
splice,0.1,lsm_native,0.04119705495366866,0.6922063333333334
splice,0.1,marginal,0.04119705495366866,0.49041266666666666
splice,0.1,pairwise,0.04119705495366866,0.6421703333333334
splice,0.1,pca,0.04119705495366866,0.526161
splice,0.2,iforest,0.0828630217519106,0.48851266666666665
splice,0.2,knn,0.0828630217519106,0.4753265
splice,0.2,latentclass,0.0828630217519106,0.49638833333333326
splice,0.2,logreg,0.0828630217519106,0.609358
splice,0.2,lsm_native,0.0828630217519106,0.7965603333333333
splice,0.2,marginal,0.0828630217519106,0.480625
splice,0.2,pairwise,0.0828630217519106,0.739861
splice,0.2,pca,0.0828630217519106,0.5417615
uniform,0.005,iforest,0.0027238879090730334,0.5041576666666666
uniform,0.005,knn,0.0027238879090730334,0.5107063333333333
uniform,0.005,latentclass,0.0027238879090730334,0.5104696666666667
uniform,0.005,logreg,0.0027238879090730334,0.5197833333333333
uniform,0.005,lsm_native,0.0027238879090730334,0.5325894999999999
uniform,0.005,marginal,0.0027238879090730334,0.5079451666666667
uniform,0.005,pairwise,0.0027238879090730334,0.526119
uniform,0.005,pca,0.0027238879090730334,0.5101725
uniform,0.01,iforest,0.006662747403488066,0.5093895
uniform,0.01,knn,0.006662747403488066,0.5236593333333334
uniform,0.01,latentclass,0.006662747403488066,0.522916
uniform,0.01,logreg,0.006662747403488066,0.5437336666666667
uniform,0.01,lsm_native,0.006662747403488066,0.5721415
uniform,0.01,marginal,0.006662747403488066,0.5181618333333333
uniform,0.01,pairwise,0.006662747403488066,0.5591246666666666
uniform,0.01,pca,0.006662747403488066,0.5224196666666666
uniform,0.02,iforest,0.013263906385599466,0.5197588333333333
uniform,0.02,knn,0.013263906385599466,0.5484083333333333
uniform,0.02,latentclass,0.013263906385599466,0.5472515
uniform,0.02,logreg,0.013263906385599466,0.5853181666666667
uniform,0.02,lsm_native,0.013263906385599466,0.6434338333333334
uniform,0.02,marginal,0.013263906385599466,0.5361451666666667
uniform,0.02,pairwise,0.013263906385599466,0.6146378333333333
uniform,0.02,pca,0.013263906385599466,0.5458765
uniform,0.05,iforest,0.0334341143864953,0.5470993333333333
uniform,0.05,knn,0.0334341143864953,0.6211700000000001
uniform,0.05,latentclass,0.0334341143864953,0.6171746666666666
uniform,0.05,logreg,0.0334341143864953,0.700081
uniform,0.05,lsm_native,0.0334341143864953,0.7921583333333334
uniform,0.05,marginal,0.0334341143864953,0.5901316666666666
uniform,0.05,pairwise,0.0334341143864953,0.7579403333333333
uniform,0.05,pca,0.0334341143864953,0.6131129999999999
uniform,0.1,iforest,0.06661907561378456,0.5926473333333333
uniform,0.1,knn,0.06661907561378456,0.7305326666666666
uniform,0.1,latentclass,0.06661907561378456,0.7186236666666667
uniform,0.1,logreg,0.06661907561378456,0.8413499999999999
uniform,0.1,lsm_native,0.06661907561378456,0.9200756666666666
uniform,0.1,marginal,0.06661907561378456,0.6722036666666668
uniform,0.1,pairwise,0.06661907561378456,0.9000626666666666
uniform,0.1,pca,0.06661907561378456,0.7112093333333332
uniform,0.2,iforest,0.133145768595504,0.6778460000000001
uniform,0.2,knn,0.133145768595504,0.8884299999999999
uniform,0.2,latentclass,0.133145768595504,0.8674006666666667
uniform,0.2,logreg,0.133145768595504,0.9649646666666666
uniform,0.2,lsm_native,0.133145768595504,0.986424
uniform,0.2,marginal,0.133145768595504,0.8083283333333333
uniform,0.2,pairwise,0.133145768595504,0.9868153333333334
uniform,0.2,pca,0.133145768595504,0.8519998333333333
