split_seed,mechanism,rho_requested,repeat,rho_realized,auc_lsm,auc_marg,mean_dU,frac_dU_pos,mean_dU_per_changed
20261002,permutation,0.01,0,0.005507997887122333,0.5265119963784518,0.5000950656405614,6.548421844586289,0.8085106382978723,2.253117325736132
20261002,conditional_self,0.01,0,0.004253980798619371,0.5004866455409688,0.49912630149388865,0.11670372857851316,0.4723404255319149,0.05199123453260776
20261002,conditional_cross,0.01,0,0.004302367310072862,0.5036034404708013,0.49974196468990495,0.8243604914341295,0.5425531914893617,0.3631203664236559
20261002,sequential_self,0.01,0,0.0042580130079071625,0.5001448619284744,0.49954956994114985,0.013949927674944445,0.4574468085106383,0.006208774628052926
20261002,sequential_cross,0.01,0,0.004217690915029253,0.5037120869171571,0.4994658216387506,0.8185138133213566,0.5170212765957447,0.3677834534044337
20261002,hotdeck,0.01,0,0.004943488586831611,0.5163014938886374,0.4987437754640109,3.867916093757956,0.7319148936170212,1.4828063328435885
20261002,uniform,0.01,0,0.00706443067220961,0.5480715255771842,0.5158533272974196,11.382671680011956,0.951063829787234,3.0535705990899658
20261002,permutation,0.01,1,0.005423321492078725,0.5273517428700769,0.49993888637392486,6.643741967966709,0.8191489361702128,2.3216049999586272
20261002,conditional_self,0.01,1,0.004213658705741463,0.5011407876867361,0.5002535083748303,0.24492600919463187,0.5,0.11015810939854256
20261002,conditional_cross,0.01,1,0.004314463937936235,0.5050135808057945,0.5006586690810322,1.1635458346117338,0.5808510638297872,0.5110902264182382
20261002,sequential_self,0.01,1,0.004173336612863554,0.5012652784065188,0.5000995925758261,0.30522231262072796,0.46382978723404256,0.13860336901617598
20261002,sequential_cross,0.01,1,0.004213658705741463,0.504440923494794,0.5000611136260752,1.081788208431623,0.5829787234042553,0.4865458927874286
20261002,hotdeck,0.01,1,0.005088648121192083,0.5173358985966501,0.49886147578089635,4.251351395957967,0.7638297872340426,1.5833083645802257
20261002,uniform,0.01,1,0.00706443067220961,0.5483952014486193,0.5163716613852422,11.84304029304645,0.9617021276595744,3.177071311490771
20261002,permutation,0.01,2,0.005338645097035116,0.5259257582616569,0.500208239022182,6.404963333594503,0.8063829787234043,2.2736652317140607
20261002,conditional_self,0.01,2,0.00433865719366298,0.5015436849253055,0.500153915799004,0.3295968234217914,0.4957446808510638,0.14396887268423975
20261002,conditional_cross,0.01,2,0.004262045217194953,0.505323675871435,0.5000362154821186,1.1276416053847345,0.574468085106383,0.5014111206535716
20261002,sequential_self,0.01,2,0.004286238472921699,0.5017292892711634,0.4995903123585333,0.3586462720206315,0.5276595744680851,0.15857361039482296
20261002,sequential_cross,0.01,2,0.004253980798619371,0.5041579900407425,0.49997510185604344,1.0384204654949543,0.5680851063829787,0.4626138566659986
20261002,hotdeck,0.01,2,0.004963649633270565,0.517428700769579,0.49926663648709824,4.227431601340925,0.7510638297872341,1.614047808797916
20261002,uniform,0.01,2,0.007334588694491599,0.5496446355817112,0.516222272521503,12.209238332320409,0.9468085106382979,3.1546685080761914
20261002,permutation,0.02,0,0.011846630887529587,0.5530964237211408,0.5000520597555455,13.463898216522082,0.9234042553191489,2.1538571006689513
20261002,conditional_self,0.02,0,0.008475703922936416,0.505258035310095,0.5000746944318696,0.9413831023040754,0.5340425531914894,0.21049003714696263
20261002,conditional_cross,0.02,0,0.00830231892356141,0.5112132186509732,0.5001358080579448,2.4496517423838253,0.6553191489361702,0.5591725686840203
20261002,sequential_self,0.02,0,0.008161191598488727,0.5040493435943866,0.4998121321865097,0.9183678191255346,0.5659574468085107,0.21325734930286624
20261002,sequential_cross,0.02,0,0.008326512179288153,0.5088863739248529,0.500285196921684,1.936408461981355,0.6340425531914894,0.440732192315369
20261002,hotdeck,0.02,0,0.009866816127224268,0.5372612041647804,0.49835219556360344,9.002881760826874,0.8574468085106383,1.7292008286018106
20261002,uniform,0.02,0,0.014350632855247718,0.5946944318696242,0.5299411498415573,23.55796269403041,0.9936170212765958,3.1110543597061797
20261002,permutation,0.02,1,0.011979693794026686,0.5564531462200091,0.5003417836124944,13.57691526381389,0.9212765957446809,2.1478122430133046
20261002,conditional_self,0.02,1,0.008358769853590482,0.502949298325034,0.4998981439565414,0.7017786074332647,0.5382978723404256,0.1591104416274165
20261002,conditional_cross,0.02,1,0.00830231892356141,0.509051607062019,0.5003100950656406,2.2196770214584407,0.6170212765957447,0.5066771248593818
20261002,sequential_self,0.02,1,0.008645056713023633,0.5049592575826166,0.5003417836124944,1.1851171047141702,0.5702127659574469,0.2597971264998414
20261002,sequential_cross,0.02,1,0.008419252992907343,0.5105568130375736,0.5004300588501585,2.466654889696807,0.6638297872340425,0.5552336198072314
20261002,hotdeck,0.02,1,0.009967621359419039,0.5356496152105025,0.49798098687188774,8.789007735798352,0.8638297872340426,1.6710492054309165
20261002,uniform,0.02,1,0.014386922738837836,0.5968220914440924,0.5308872793119058,24.423340831628128,0.9914893617021276,3.217200165601239
20261002,permutation,0.02,2,0.012241787397733092,0.5573970122227252,0.5005341783612495,14.000945372284441,0.9404255319148936,2.1674717802943637
20261002,conditional_self,0.02,2,0.00849183276008758,0.5033046627433228,0.4997781801720235,0.7446346631062617,0.5234042553191489,0.16618152500472128
20261002,conditional_cross,0.02,2,0.008697475433764914,0.509857401539158,0.5002512449071979,2.1791081074266296,0.6468085106382979,0.4748172510387186
20261002,sequential_self,0.02,2,0.008596670201570141,0.5026980534178361,0.4996468990493436,0.5493058828097513,0.5085106382978724,0.12109463645430729
20261002,sequential_cross,0.02,2,0.008697475433764914,0.5105522861023087,0.5006835672249886,2.4158009521379555,0.6617021276595745,0.52639149165732
20261002,hotdeck,0.02,2,0.009903106010814386,0.5332752376641015,0.4982865550022635,8.050403387261388,0.8638297872340426,1.5405902247609335
20261002,uniform,0.02,2,0.014431277041003537,0.5903259393390674,0.5302625622453598,22.805168106436387,0.9914893617021276,2.99481112322579
20261002,permutation,0.05,0,0.03147542570049556,0.6328474422815754,0.5005160706201901,34.422509871507124,0.9936170212765958,2.072582582578574
20261002,conditional_self,0.05,0,0.02133441934170151,0.5132865550022635,0.5005251244907197,2.7886782566991566,0.6063829787234043,0.24771853726112333
20261002,conditional_cross,0.05,0,0.021088454575146267,0.5243096423721141,0.5005658669081032,5.901861082448588,0.7425531914893617,0.5303775733749209
20261002,sequential_self,0.05,0,0.02087071527360556,0.5115934812132187,0.4996785875961974,2.3482442423204093,0.6170212765957447,0.21322928784594133
20261002,sequential_cross,0.05,0,0.021447321201759656,0.5255681303757356,0.5018922589406971,6.10089629233477,0.7595744680851064,0.539090290918846
20261002,hotdeck,0.05,0,0.024802119329201663,0.582933454051607,0.49737890448166594,21.2219935370074,0.9659574468085106,1.6215797370173106
20261002,uniform,0.05,0,0.03554392487187655,0.7104074241738343,0.575219556360344,58.70290211588077,1.0,3.129933521776967
20261002,permutation,0.05,1,0.031031882678838562,0.6346038931643277,0.5009959257582617,34.516191733301774,0.997872340425532,2.1079275097000822
20261002,conditional_self,0.05,1,0.02122958190021895,0.5159800814848348,0.5000407424173834,3.6374582245124336,0.6638297872340425,0.3247113704692961
20261002,conditional_cross,0.05,1,0.021358612597428255,0.5276776822091445,0.5005296514259846,6.382948929688643,0.7404255319148936,0.5663556724473593
20261002,sequential_self,0.05,1,0.021358612597428255,0.5113807152557719,0.499687641466727,2.6034321416720005,0.6191489361702127,0.23100115283855774
20261002,sequential_cross,0.05,1,0.021302161667399185,0.5283703033046627,0.5007107288365776,6.495395033483895,0.7638297872340426,0.5778602433725971
20261002,hotdeck,0.05,1,0.0246972818877191,0.5810955183340878,0.4957311000452694,20.772460780923737,0.9553191489361702,1.5939684191076173
20261002,uniform,0.05,1,0.035096349640931765,0.7066047985513807,0.5725531914893617,58.25704816423892,1.0,3.145773510706835
20261002,permutation,0.05,2,0.03146736128191998,0.6293390674513355,0.5010774105930286,34.13695013917665,0.9872340425531915,2.0559157567161743
20261002,conditional_self,0.05,2,0.021080390156570688,0.5152014486192847,0.5005296514259846,3.607960819768564,0.6723404255319149,0.32435761004040264
20261002,conditional_cross,0.05,2,0.02104410027298057,0.5310864644635581,0.5010230873698506,7.159191248976263,0.8085106382978723,0.6447250214636604
20261002,sequential_self,0.05,2,0.021157002133038713,0.5133454051607061,0.4999954730647352,3.101231552288844,0.6638297872340425,0.2777928015200603
20261002,sequential_cross,0.05,2,0.021080390156570688,0.5260660932548664,0.5011136260751471,6.123893524458234,0.7829787234042553,0.5505413076693516
20261002,hotdeck,0.05,2,0.02470131409700689,0.5820597555454957,0.4957039384336804,20.353454549482354,0.9531914893617022,1.5615611554451039
20261002,uniform,0.05,2,0.03558424696475446,0.7121321865097329,0.5751199637845179,59.023088175710775,1.0,3.143439256950036
20261002,permutation,0.1,0,0.062172635008447476,0.7333182435491172,0.5012177455862381,65.9233862698695,1.0,2.0094682889187796
20261002,conditional_self,0.1,0,0.04345915170381003,0.5319103666817564,0.5002806699864192,7.464415704838747,0.7297872340425532,0.3255033755125451
20261002,conditional_cross,0.1,0,0.04351560263383911,0.5647849705749208,0.502571299230421,16.04903272753332,0.8978723404255319,0.6989478671182968
20261002,sequential_self,0.1,0,0.04268496752055419,0.5226708918062472,0.49951109099139884,5.3952701474557445,0.6787234042553192,0.2395406167867183
20261002,sequential_cross,0.1,0,0.042999479845001874,0.5513535536441829,0.5018017202354006,12.672041481071236,0.8553191489361702,0.5585014531229822
20261002,hotdeck,0.1,0,0.04955988435623763,0.648415572657311,0.49201448619284743,38.60069961963356,0.9914893617021276,1.4760661314154888
20261002,uniform,0.1,0,0.07070478986141297,0.8474377546401086,0.639610683567225,114.11026095300569,1.0,3.0585584629548146
20261002,permutation,0.1,1,0.06210811965984282,0.730674513354459,0.5010638297872341,65.2975855483014,1.0,1.9924602485036458
20261002,conditional_self,0.1,1,0.04389059809760366,0.5346763241285649,0.5000407424173834,8.181906126222499,0.7404255319148936,0.3532839576779581
20261002,conditional_cross,0.1,1,0.04373737414466761,0.5609053870529651,0.5010411951109099,14.828384175361123,0.8872340425531915,0.6425131891232347
20261002,sequential_self,0.1,1,0.0433422176344641,0.5245586238116795,0.5002987777274785,5.634764044544442,0.6914893617021277,0.24638004474238417
20261002,sequential_cross,0.1,1,0.04345511949452224,0.5545540968764147,0.5012177455862381,13.259121163284105,0.8531914893617021,0.5782487655881534
20261002,hotdeck,0.1,1,0.05035019737664464,0.6477908555907651,0.491611588954278,38.97120721745102,0.9851063829787234,1.4668429080004788
20261002,uniform,0.1,1,0.07125720253384031,0.8459981892258941,0.6403214124038026,114.49147411580913,1.0,3.044986013718328
20261002,permutation,0.1,2,0.06161619012673234,0.7301267541874151,0.501118153010412,65.33209026427512,1.0,2.009428860952118
20261002,conditional_self,0.1,2,0.04332205658802515,0.53428700769579,0.4988909008601177,7.854279057314183,0.7382978723404255,0.34358815682591826
20261002,conditional_cross,0.1,2,0.043362378680903056,0.5610095065640561,0.4999954730647352,14.54281079485734,0.8638297872340426,0.6355887180196159
20261002,sequential_self,0.1,2,0.04286238472921698,0.5254775916704391,0.4981801720235401,5.458848373032051,0.6702127659574468,0.2413601820625648
20261002,sequential_cross,0.1,2,0.04279786938061233,0.554391127206881,0.5007831598008149,12.905651662405704,0.8468085106382979,0.5714769437846883
20261002,hotdeck,0.1,2,0.04962439970484228,0.6491489361702127,0.4911634223630602,39.338436377737125,0.9957446808510638,1.5023210447336026
20261002,uniform,0.1,2,0.07145074857965428,0.8484834766862834,0.6416613852421911,115.53519095937732,1.0,3.0644209791708428
20261002,permutation,0.2,0,0.12239771293089197,0.8602987777274785,0.502702580353101,120.9939652993247,1.0,1.8734035147647046
20261002,conditional_self,0.2,0,0.08956343270041088,0.5898732458125849,0.5004028972385695,21.92603488051754,0.8872340425531915,0.46394905428791844
20261002,conditional_cross,0.2,0,0.08992633153631206,0.6403847894975102,0.5049841557265731,36.01304897687516,0.9744680851063829,0.7589513505125695
20261002,sequential_self,0.2,0,0.0884505429369806,0.5575101856043458,0.49919873245812585,13.518265428184742,0.7872340425531915,0.2896419014973937
20261002,sequential_cross,0.2,0,0.08934972560815796,0.6123992756903577,0.5044001810774106,27.691197398468617,0.9361702127659575,0.5873398067277517
20261002,hotdeck,0.2,0,0.09911976871247526,0.7405522861023087,0.4824852874603893,69.80504597756955,0.9957446808510638,1.3346502159896545
20261002,uniform,0.2,0,0.1426595646020411,0.9643458578542327,0.7505522861023087,222.08898188538657,1.0,2.9503058645034397
20261002,permutation,0.2,1,0.12222432793151695,0.8624445450430059,0.5039610683567225,121.93441240782504,1.0,1.890643106085965
20261002,conditional_self,0.2,1,0.09012390979141381,0.5994612947034857,0.5013444997736533,24.582620320070735,0.9127659574468086,0.5169268287966197
20261002,conditional_cross,0.2,1,0.09009165211711148,0.6398551380715256,0.5058578542326845,36.18150245483242,0.9574468085106383,0.7611021865358832
20261002,sequential_self,0.2,1,0.08789409805526546,0.5606880941602536,0.4990765052059756,13.962498309386433,0.7978723404255319,0.30105395932707696
20261002,sequential_cross,0.2,1,0.08926908142240216,0.6124898143956542,0.5019646899049344,28.407750058970635,0.9297872340425531,0.6030824575507565
20261002,hotdeck,0.2,1,0.09993024277932122,0.740751471253961,0.4827478497057492,69.6437159798924,1.0,1.3207661102590256
20261002,uniform,0.2,1,0.1429176259964597,0.965817111815301,0.7475464010864644,222.63347723263192,1.0,2.952198800906698
20261002,permutation,0.2,2,0.12228884328012161,0.8635355364418289,0.5032910819375283,121.93764601838707,1.0,1.8896957804221155
20261002,conditional_self,0.2,2,0.08996665362918997,0.592105024898144,0.4987913082842915,21.865776901063633,0.8914893617021277,0.46060035601917837
20261002,conditional_cross,0.2,2,0.0902650371164865,0.6352648257129923,0.5020914440923495,34.33079540133222,0.9638297872340426,0.7207841435998456
20261002,sequential_self,0.2,2,0.08811990177538175,0.5522996831145315,0.4984834766862834,12.157653756928603,0.7659574468085106,0.26146688321389416
20261002,sequential_cross,0.2,2,0.08901505223727132,0.6107650520597555,0.5023087369850611,27.009125044967366,0.9042553191489362,0.575026670190916
20261002,hotdeck,0.2,2,0.0988334818530421,0.7401765504753282,0.4813354459031236,67.78342010558947,0.997872340425532,1.2997514360747031
20261002,uniform,0.2,2,0.1426152102998754,0.9668175645088275,0.751403349932096,220.9960919522694,1.0,2.9367005914096134
1,permutation,0.01,0,0.00541899285060604,0.5252014486192847,0.5001109099139882,6.633585576797964,0.8382978723404255,2.2992516379756958
1,conditional_self,0.01,0,0.004192126475136973,0.5014825712992305,0.4995133544590312,0.37051125031582116,0.5106382978723404,0.16600599394512483
1,conditional_cross,0.01,0,0.004248074778904293,0.5051516523313717,0.5003734721593481,1.167646557594844,0.5723404255319149,0.5162689389177579
1,sequential_self,0.01,0,0.004168148630665266,0.5019443186962427,0.49985287460389316,0.49653933884862,0.4787234042553192,0.22375214694041362
1,sequential_cross,0.01,0,0.004188130167725022,0.5044205522861023,0.5002263467632413,1.0627580451206875,0.5723404255319149,0.47661858893771286
1,hotdeck,0.01,0,0.004971406420467488,0.5159619737437755,0.49912630149388865,4.149998748526515,0.7617021276595745,1.5679255721924934
1,uniform,0.01,0,0.006997534278326826,0.5451380715255771,0.515092802172929,11.847020345506547,0.9574468085106383,3.179954061900672
1,permutation,0.01,1,0.0053030999356594504,0.5246808510638298,0.5003576278859212,6.282233814186231,0.8063829787234043,2.2250564375791475
1,conditional_self,0.01,1,0.004100211404662092,0.5021208691715708,0.5000679040289724,0.5017434134899241,0.49148936170212765,0.22984347401585217
1,conditional_cross,0.01,1,0.004160156015841363,0.5048370303304662,0.5001403349932096,1.222800614839061,0.5829787234042553,0.5520809692356952
1,sequential_self,0.01,1,0.004176141245489168,0.5019262109551833,0.4999660479855138,0.36966919957332367,0.5297872340425532,0.1662627022004422
1,sequential_cross,0.01,1,0.004164152323253314,0.5043209597102761,0.5004956994114984,0.9528087689187804,0.5659574468085107,0.42976979020328865
1,hotdeck,0.01,1,0.004915458116700169,0.5168447261204164,0.4994069714803078,4.241969751337196,0.7468085106382979,1.6209152708361645
1,uniform,0.01,1,0.006981549048679021,0.5460344047080127,0.5153644182888185,11.668495756951046,0.9553191489361702,3.1392060708454443
1,permutation,0.01,2,0.005219177480008472,0.5236011770031689,0.4999705749207786,6.198025193001164,0.823404255319149,2.230529740207157
1,conditional_self,0.01,2,0.00418413386031307,0.5019148936170212,0.4999660479855138,0.4639001145071124,0.4851063829787234,0.2082455146306999
1,conditional_cross,0.01,2,0.004280045238199903,0.5048709823449524,0.5007378904481666,1.1739694635349862,0.5723404255319149,0.5151873462758576
1,sequential_self,0.01,2,0.004224096934432584,0.5028497057492077,0.5007899502037121,0.6568607410103148,0.5319148936170213,0.29207620461196593
1,sequential_cross,0.01,2,0.004296030467847709,0.5044137618832051,0.5008533272974196,1.0902485110735944,0.5680851063829787,0.4766667908879902
1,hotdeck,0.01,2,0.004923450731524072,0.5166953372566773,0.4996129470348574,4.081917024851427,0.7510638297872341,1.5572248390261128
1,uniform,0.01,2,0.007249301645279762,0.547713897691263,0.5164146672702581,12.202818343671714,0.9787234042553191,3.161700452880764
1,permutation,0.02,0,0.012344593595517742,0.5543232231779086,0.5002127659574468,13.96524464828765,0.9127659574468086,2.124851079538749
1,conditional_self,0.02,0,0.008504142172632487,0.5044499773653237,0.5004119511090991,1.1086812577269642,0.5638297872340425,0.24486851087014722
1,conditional_cross,0.02,0,0.008244382190855649,0.5079968311453146,0.5001109099139882,2.1209001516355594,0.6404255319148936,0.48319101855003055
1,sequential_self,0.02,0,0.008356278798390288,0.5029741964689904,0.5006156631960162,0.7564564587026806,0.5553191489361702,0.17003086350562405
1,sequential_cross,0.02,0,0.008424216024393461,0.5087369850611136,0.5008465368945224,2.2366848072253775,0.6680851063829787,0.4986915841536657
1,hotdeck,0.02,0,0.009810934696340581,0.5335219556360344,0.4990086011770032,8.635993879709035,0.8723404255319149,1.6533267305349273
1,uniform,0.02,0,0.014394699297848788,0.5918515165233137,0.531195110909914,24.410049073992095,0.9957446808510638,3.1850980190939158
1,permutation,0.02,1,0.012048866847033341,0.5538795835219557,0.4998845631507469,13.908604336392091,0.9276595744680851,2.1681738103165116
1,conditional_self,0.02,1,0.008448193868865169,0.5042236306020824,0.4997555454956994,1.0523977355090004,0.5617021276595745,0.23397679077068598
1,conditional_cross,0.02,1,0.008280348957563211,0.5086781349026709,0.49949298325033953,2.14111729118361,0.676595744680851,0.48567815002717024
1,sequential_self,0.02,1,0.008468175405924925,0.506118153010412,0.4988207333635129,1.5481231582944426,0.6085106382978723,0.34337795393977727
1,sequential_cross,0.02,1,0.008512134787456391,0.5093866002716161,0.4995993662290629,2.4069585455866815,0.676595744680851,0.5311129185097373
1,hotdeck,0.02,1,0.009950805455758879,0.5339837030330467,0.49796287913082843,8.721987513604406,0.8531914893617021,1.6463189282707111
1,uniform,0.02,1,0.014051016860420972,0.5891036668175645,0.5281756450882752,23.583332018473136,0.9914893617021276,3.1524931879073876
1,permutation,0.02,2,0.012300634213986276,0.5563852421910367,0.499753282028067,14.330074019514521,0.9531914893617022,2.1881529529473114
1,conditional_self,0.02,2,0.008336297261330531,0.5040923494794024,0.4991896785875962,0.9968394005995537,0.5659574468085107,0.22459948143901737
1,conditional_cross,0.02,2,0.008476168020748829,0.510273879583522,0.49999773653236756,2.6066208105518798,0.674468085106383,0.5776104577837734
1,sequential_self,0.02,2,0.008420219716981509,0.5050294250792213,0.4992258940697148,1.2499336232041012,0.5765957446808511,0.2788176568134445
1,sequential_cross,0.02,2,0.008388249257685899,0.5106224535989136,0.5000792213671345,2.5596989258896277,0.6617021276595745,0.5731579300467485
1,hotdeck,0.02,2,0.010126642981884738,0.5364282480760525,0.4981801720235401,9.142545452988957,0.8893617021276595,1.6957365283760102
1,uniform,0.02,2,0.014354736223729275,0.5909778180172024,0.5295291987324581,23.708593089367703,0.9914893617021276,3.102182280624393
1,permutation,0.05,0,0.0312111608873401,0.628700769578995,0.5006111362607515,34.83418064271497,0.9957446808510638,2.096295121904742
1,conditional_self,0.05,0,0.021376248346527807,0.5145314622000905,0.49889542779538254,3.6623438797972465,0.6914893617021277,0.32179877051873357
1,conditional_cross,0.05,0,0.02138823726876366,0.5263150746944318,0.5003078315980082,6.649179625851309,0.7638297872340426,0.5839152511491247
1,sequential_self,0.05,0,0.021488144954062448,0.5115934812132187,0.4991715708465369,2.8332425661300094,0.6297872340425532,0.2476518516051896
1,sequential_cross,0.05,0,0.021128477286986823,0.5243186962426437,0.4997057492077863,6.353974350098935,0.776595744680851,0.5648511338275959
1,hotdeck,0.05,0,0.024881009946809148,0.582258940697148,0.49507469443186963,21.70780343079196,0.9617021276595744,1.6387195008789304
1,uniform,0.05,0,0.03572698826284513,0.7105160706201902,0.5719646899049343,60.246401565823916,1.0,3.1673164134157985
1,permutation,0.05,1,0.03145093933205718,0.6254504300588501,0.5000135808057945,33.84619569448382,0.9957446808510638,2.0213102892512573
1,conditional_self,0.05,1,0.020832750538502424,0.5136396559529198,0.4995563603440471,3.229825828946514,0.6638297872340425,0.2911985688864112
1,conditional_cross,0.05,1,0.021244370201933413,0.5298325033952015,0.5013218650973291,7.366960404660103,0.7978723404255319,0.6513302088393997
1,sequential_self,0.05,1,0.021316303735348537,0.5123313716613852,0.5012630149388864,2.9840827139764676,0.6191489361702127,0.2629394217414585
1,sequential_cross,0.05,1,0.021012584372040236,0.525559076505206,0.5006699864191942,6.3036741739692825,0.7787234042553192,0.5634703046339983
1,hotdeck,0.05,1,0.024657216731739873,0.581376188320507,0.4968130375735627,21.336175572706665,0.9723404255319149,1.6252840387637169
1,uniform,0.05,1,0.03575096610731684,0.714413761883205,0.5737890448166592,60.98772555554285,1.0,3.2041393931483504
1,permutation,0.05,2,0.03157082855441572,0.6289950203712087,0.5008601177003169,34.69015569623482,0.997872340425532,2.063844705978527
1,conditional_self,0.05,2,0.021420207728059273,0.5128429153463105,0.49956541421457673,3.1582262371486465,0.6340425531914894,0.2769340170634074
1,conditional_cross,0.05,2,0.021568071102301474,0.5272612041647804,0.5007967406066093,6.873747431766196,0.7936170212765957,0.5986031671169376
1,sequential_self,0.05,2,0.021360263116880003,0.5091081937528293,0.49986871887732004,2.2121957954643996,0.5893617021276596,0.19452423271623345
1,sequential_cross,0.05,2,0.02161602679124489,0.524622000905387,0.49966953372566775,6.387303418043139,0.7638297872340426,0.5550069525753882
1,hotdeck,0.05,2,0.02508881793223062,0.5775237664101404,0.497116342236306,20.831613388930577,0.9744680851063829,1.559550540426469
1,uniform,0.05,2,0.03527540552529463,0.7048030783159801,0.5715663196016297,58.5579311032248,1.0,3.1179593994013435
1,permutation,0.1,0,0.06199871318901335,0.728053417836125,0.5010095065640562,65.58759321274026,1.0,1.9869903835237799
1,conditional_self,0.1,0,0.04287238591541416,0.5331779085559076,0.500597555454957,8.096933813306059,0.7638297872340426,0.3547314403666897
1,conditional_cross,0.1,0,0.043423876338263445,0.5597057492077864,0.5017836124943413,15.123916201106352,0.8829787234042553,0.6541727051831387
1,sequential_self,0.1,0,0.0430082603674205,0.5247125396106835,0.5010819375282933,6.1858370206303315,0.7063829787234043,0.27014898714888086
1,sequential_cross,0.1,0,0.04326802034919734,0.551792666364871,0.5007876867360797,13.114433433826672,0.8574468085106383,0.5692974705734308
1,hotdeck,0.1,0,0.049789994045501954,0.6453644182888185,0.49112267994567677,39.297668261365224,0.9914893617021276,1.482454778300157
1,uniform,0.1,0,0.07116224608461781,0.8493164327750113,0.6371344499773653,115.87628673775096,1.0,3.058452000154038
1,permutation,0.1,1,0.06222650271149458,0.7313942960615664,0.501222272521503,66.93669960050707,1.0,2.020438559645387
1,conditional_self,0.1,1,0.04371161047192394,0.5360208239022182,0.49986871887732004,8.580798710234587,0.7787234042553192,0.36871232344215177
1,conditional_cross,0.1,1,0.04361569909403711,0.5609370755998189,0.5003440470801268,14.92922692394111,0.9042553191489362,0.6429115497757304
1,sequential_self,0.1,1,0.04355975079026979,0.5269443186962427,0.501299230421005,6.1546283184312625,0.723404255319149,0.2653830559323572
1,sequential_cross,0.1,1,0.04329999080849295,0.5505251244907198,0.5021004979628791,12.760374795924086,0.8468085106382979,0.5535187959468686
1,hotdeck,0.1,1,0.049246496237476574,0.6443503847894975,0.49180172023540064,38.56480417262803,0.9914893617021276,1.470864072152493
1,uniform,0.1,1,0.07148594698498588,0.8495654142145768,0.6391534631054776,116.29519659211537,1.0,3.0556094811210994
1,permutation,0.1,2,0.06190280181112652,0.7292937980986872,0.5016025350837483,66.21824177515045,0.997872340425532,2.009204237205985
1,conditional_self,0.1,2,0.04371560677933589,0.5346717971933002,0.4998370303304663,8.64325270161849,0.7638297872340426,0.3713619864485502
1,conditional_cross,0.1,2,0.043747577238631506,0.5612313263920325,0.5013354459031236,15.62760391039165,0.8914893617021277,0.6709576904982256
1,sequential_self,0.1,2,0.04281244130423489,0.5239429606156631,0.5005115436849253,5.9592845476792435,0.6829787234042554,0.26144532226353445
1,sequential_cross,0.1,2,0.043100175437895384,0.5518922589406972,0.5002444545043006,13.036973978804289,0.8361702127659575,0.5681388752932792
1,hotdeck,0.1,2,0.04951424883407731,0.6457763693979176,0.4920733363512902,39.71367594422499,0.9936170212765958,1.506491339288599
1,uniform,0.1,2,0.07152990636651733,0.8430918967858759,0.6368130375735627,115.99591486908315,1.0,3.04587295315208
1,permutation,0.2,0,0.12195930959793151,0.8601720235400634,0.5017971933001358,122.61545233541709,1.0,1.8883695719787021
1,conditional_self,0.2,0,0.08993689830596528,0.5959348121321865,0.4988365776369398,23.785263220903218,0.8957446808510638,0.49673733454008057
1,conditional_cross,0.2,0,0.09023262505444969,0.6429741964689905,0.504468085106383,37.55270407884496,0.9723404255319149,0.781689663716601
1,sequential_self,0.2,0,0.08870603562308427,0.5641647804436396,0.4984653689452241,15.531866363705833,0.8170212765957446,0.3288722435888517
1,sequential_cross,0.2,0,0.08917360359028258,0.6098641919420552,0.5033680398370304,28.198611077670265,0.925531914893617,0.5939476206195673
1,hotdeck,0.2,0,0.09908444597192194,0.7366817564508827,0.4826165685830693,70.02728909011942,0.9957446808510638,1.3274512330546153
1,uniform,0.2,0,0.1422845290951161,0.9651561792666364,0.741272068809416,224.29940942517013,1.0,2.9609235599884833
1,permutation,0.2,1,0.12174350899768614,0.8616387505658669,0.5020099592575826,123.69925704781124,0.997872340425532,1.9084378549261845
1,conditional_self,0.2,1,0.08967713832418844,0.5911634223630602,0.49844726120416477,23.808988252971425,0.8957446808510638,0.49867310512016794
1,conditional_cross,0.2,1,0.09048838872881458,0.6362788592123133,0.5035083748302399,36.7029759002564,0.9680851063829787,0.761842453434638
1,sequential_self,0.2,1,0.08829041965224133,0.5569443186962426,0.4995201448619285,13.994811570781312,0.7851063829787234,0.2977215153336902
1,sequential_cross,0.2,1,0.08863010578225719,0.6073336351290176,0.5044771389769126,28.462548585057785,0.9319148936170213,0.6031832372160321
1,hotdeck,0.2,1,0.09908044966450999,0.7429108193752829,0.4813354459031236,71.0851011716957,0.9957446808510638,1.347557679615092
1,uniform,0.2,1,0.1425243075398332,0.9675780896333183,0.7458850158442735,225.56699960728014,1.0,2.9726472020923524
1,permutation,0.2,2,0.12242288125771787,0.8598143956541422,0.502127659574468,122.90235671332377,1.0,1.8856208022217855
1,conditional_self,0.2,2,0.08962518632783308,0.5937709370755998,0.49930285196921687,23.72151511371931,0.9042553191489362,0.4971290009117615
1,conditional_cross,0.2,2,0.09004080229867602,0.6368175645088275,0.5034314169307379,36.545137770936854,0.9574468085106383,0.7623369913603623
1,sequential_self,0.2,2,0.0886540836267289,0.5585151652331372,0.4988637392485287,14.309654949909115,0.7893617021276595,0.30317065571841345
1,sequential_cross,0.2,2,0.08885389899732647,0.6091851516523313,0.503168854685378,28.770446236465133,0.9531914893617022,0.6081726064198351
1,hotdeck,0.2,2,0.09978379976901343,0.7429244001810774,0.48279311905839745,71.56860160035238,1.0,1.3471601887206384
1,uniform,0.2,2,0.1429599050477359,0.968623811679493,0.7420733363512901,224.5829441849367,1.0,2.950660659349796
2,permutation,0.01,0,0.005505998031864669,0.5257265731100045,0.4997827071072884,6.462155833205116,0.7702127659574468,2.1976940966761247
2,conditional_self,0.01,0,0.004155395041414507,0.5021570846536895,0.5003961068356723,0.6278883782265746,0.5361702127659574,0.28294107168407484
2,conditional_cross,0.01,0,0.0042032039968286725,0.5059913988229968,0.4997487550928022,1.3662734437738253,0.6085106382978723,0.6086715815864434
2,sequential_self,0.01,0,0.004075713449057566,0.5008578542326845,0.4998709823449525,0.36743772224057253,0.502127659574468,0.16881302976839596
2,sequential_cross,0.01,0,0.004199219917210825,0.5048415572657311,0.4996310547759167,1.2586623469998648,0.5808510638297872,0.5612630959107556
2,hotdeck,0.01,0,0.004956195044601771,0.5160864644635582,0.4987483023992757,4.043968685406115,0.7638297872340426,1.5278659824283556
2,uniform,0.01,0,0.00721118410830322,0.5478632865550023,0.5169171570846537,12.328485123658472,0.9680851063829787,3.2013193415024763
2,permutation,0.01,1,0.005498029872628975,0.5292553191489362,0.5000339520144862,7.2785849141938925,0.8425531914893617,2.478938340341398
2,conditional_self,0.01,1,0.004151410961796661,0.5013241285649616,0.49992530556813036,0.46656622358067534,0.5127659574468085,0.21044733693178255
2,conditional_cross,0.01,1,0.0041912517579751314,0.5055477591670439,0.5002874603893165,1.3534603367909332,0.5638297872340425,0.604682850087204
2,sequential_self,0.01,1,0.00420718807644652,0.5026278859212313,0.4995043005885016,0.6274661967648326,0.4978723404255319,0.27926999287828724
2,sequential_cross,0.01,1,0.00417929951912159,0.5037075599818922,0.49953598913535535,0.9683523358812691,0.5574468085106383,0.43386615620991087
2,hotdeck,0.01,1,0.004924322407658994,0.5167971933001358,0.49862154821186055,4.283550062741962,0.7510638297872341,1.6288580335669274
2,uniform,0.01,1,0.007063773162442878,0.5458125848800363,0.5158533272974196,11.849621088729265,0.951063829787234,3.1411855113946725
2,permutation,0.01,2,0.00545022091721481,0.5257605251244907,0.5000588501584428,6.474681372127168,0.8191489361702128,2.2244884831138663
2,conditional_self,0.01,2,0.004549818923581369,0.5018605703938434,0.500208239022182,0.513245093002835,0.5127659574468085,0.21123046734792683
2,conditional_cross,0.01,2,0.004382487579631791,0.5037754640108646,0.49954504300588504,0.824104729982152,0.5531914893617021,0.3521174755378286
2,sequential_self,0.01,2,0.004374519420396098,0.502127659574468,0.49973291081937526,0.5280327634969203,0.5276595744680851,0.22602495340942852
2,sequential_cross,0.01,2,0.004390455738867485,0.5038320507016749,0.500246717971933,1.0150576860675757,0.5723404255319149,0.4329193397928862
2,hotdeck,0.01,2,0.0049960358407802425,0.5157718424626527,0.49828881846989587,4.101874614318673,0.7574468085106383,1.537385222272549
2,uniform,0.01,2,0.007155406993653361,0.5460027161611589,0.5157220461747397,11.665789203582882,0.9659574468085106,3.0528512949242512
2,permutation,0.02,0,0.012083713480930203,0.5561973743775463,0.5003033046627433,14.615347995378336,0.9340425531914893,2.264824780028954
2,conditional_self,0.02,0,0.008366567197478874,0.5050316885468538,0.4996808510638298,1.189530060460216,0.5702127659574469,0.266228156388715
2,conditional_cross,0.02,0,0.008506009984103523,0.5099434133091897,0.5001471253961068,2.3896300385232516,0.6531914893617021,0.5260543878716292
2,sequential_self,0.02,0,0.008466169187925051,0.5037550928021729,0.5000701674966048,0.9449625204384658,0.574468085106383,0.20900347510874304
2,sequential_cross,0.02,0,0.008418360232510887,0.5104504300588502,0.5000022634676324,2.4394449250302817,0.6531914893617021,0.542611980484729
2,hotdeck,0.02,0,0.009653424914043482,0.5322612041647804,0.4975396106835672,8.290690459782551,0.8574468085106383,1.608181806065951
2,uniform,0.02,0,0.014167387121064228,0.5924581258488003,0.5329379809868718,24.00827782215462,0.9957446808510638,3.173197574919199
2,permutation,0.02,1,0.011956222933159096,0.5541036668175645,0.5003146220009054,14.060322088956873,0.9446808510638298,2.2020497773441288
2,conditional_self,0.02,1,0.008334694560536099,0.5052421910366681,0.5001403349932096,1.2627421220175625,0.5914893617021276,0.28369445379935676
2,conditional_cross,0.02,1,0.008338678640153944,0.5113603440470801,0.5000746944318696,2.808882988446764,0.6659574468085107,0.6307572883755276
2,sequential_self,0.02,1,0.00839843983442165,0.5055749207786329,0.5008759619737437,1.4500355830464233,0.6106382978723405,0.32330015371528414
2,sequential_cross,0.02,1,0.008466169187925051,0.5090923494794024,0.5000475328202807,2.2660180591795576,0.6702127659574468,0.5011898766185374
2,hotdeck,0.02,1,0.01001199207964972,0.5371299230421005,0.498700769578995,9.30381728091754,0.8829787234042553,1.740069288512234
2,uniform,0.02,1,0.014350654783485193,0.5977365323675872,0.5338660027161611,25.37305758908653,0.9914893617021276,3.310754321729781
2,permutation,0.02,2,0.012231124426790545,0.555597555454957,0.5003417836124944,14.024178179366743,0.9361702127659575,2.147024020945397
2,conditional_self,0.02,2,0.008310790082829015,0.5030149388863739,0.500027161611589,0.7766612228944045,0.548936170212766,0.17499078368186488
2,conditional_cross,0.02,2,0.00848210550639644,0.5095382526029878,0.5010321412403803,2.3030998064324253,0.6425531914893617,0.5084344335477876
2,sequential_self,0.02,2,0.008322742321682557,0.5028587596197375,0.49964010864644637,0.7542206191007497,0.5595744680851064,0.1696906132012218
2,sequential_cross,0.02,2,0.008609596054167546,0.5092462652784066,0.5006269805341783,2.2541422616298505,0.676595744680851,0.4902576876288893
2,hotdeck,0.02,2,0.009852628894935836,0.5329968311453146,0.4988773200543232,8.441263083841879,0.8680851063829788,1.6042837239812708
2,uniform,0.02,2,0.01432675030577811,0.5910321412403803,0.5310728836577637,23.566035839384828,0.9936170212765958,3.0800992337349467
2,permutation,0.05,0,0.031235184203921133,0.6325894069714804,0.5004843820733363,34.85827640553169,0.9893617021276596,2.0897181008418233
2,conditional_self,0.05,0,0.021398491627456682,0.5140380262562245,0.5013942960615663,3.4906978200923136,0.6617021276595745,0.3054604311009844
2,conditional_cross,0.05,0,0.021494109538285015,0.5259302851969216,0.5002037120869172,6.535734331181935,0.774468085106383,0.5693781530408729
2,sequential_self,0.05,0,0.02125108068159634,0.5131100045269352,0.5000362154821186,3.3266111035802863,0.6659574468085107,0.2931209633825899
2,sequential_cross,0.05,0,0.02136263491089606,0.5238976912630149,0.4999502037120869,6.133595535965313,0.7680851063829788,0.5376333274717823
2,hotdeck,0.05,0,0.024661452834473446,0.578832050701675,0.49606156631960163,21.151278491031857,0.9680851063829787,1.6059936818715626
2,uniform,0.05,0,0.03541448372304272,0.7049162516976007,0.5753915799004075,58.16573819566462,1.0,3.075474963658721
2,permutation,0.05,1,0.03145430858290272,0.6294975101856043,0.5002489814395654,34.978423316208854,0.9851063829787234,2.082312724334156
2,conditional_self,0.05,1,0.021143510531914468,0.5157582616568583,0.5006880941602535,3.8498235798096645,0.6893617021276596,0.34094913934624876
2,conditional_cross,0.05,1,0.02127896923892127,0.5275282933454052,0.5021638750565867,6.942616573398509,0.7893617021276595,0.6109398594827371
2,sequential_self,0.05,1,0.021374587149749602,0.514468085106383,0.5017021276595744,3.5468598266962053,0.6978723404255319,0.3107221097012519
2,sequential_cross,0.05,1,0.021083749337646764,0.5260751471253962,0.5018650973291082,6.468337639800045,0.7617021276595745,0.5744744313503442
2,hotdeck,0.05,1,0.024573803082880808,0.5813580805794477,0.4979357175192395,21.084612347562224,0.9723404255319149,1.606641991464696
2,uniform,0.05,1,0.03580492352559173,0.7115346310547759,0.5755998189225894,59.73285343083736,1.0,3.123894638087633
2,permutation,0.05,2,0.031231200124303284,0.6313580805794478,0.5005885015844274,35.24784922798886,0.997872340425532,2.1133421529729257
2,conditional_self,0.05,2,0.02126701700006773,0.5151471253961069,0.5002897238569488,3.7254934178226558,0.6617021276595745,0.3280220881185178
2,conditional_cross,0.05,2,0.02140247570707453,0.5254323223177908,0.5005568130375736,6.577231914960467,0.7872340425531915,0.5754465748383134
2,sequential_self,0.05,2,0.02122319212427141,0.5111543684925306,0.5008465368945224,2.7351796231904344,0.6234042553191489,0.24132427687244304
2,sequential_cross,0.05,2,0.020908449834461492,0.5227297419646899,0.5000950656405614,5.776777635574006,0.7404255319148936,0.5173562287956903
2,hotdeck,0.05,2,0.024482169251670325,0.58,0.49632865550022637,20.7086681308642,0.9574468085106383,1.5839013867381895
2,uniform,0.05,2,0.035777034968266806,0.7136306020823903,0.577790855590765,60.25441722550348,1.0,3.153627627615438
2,permutation,0.1,0,0.061789090793190414,0.7344861928474423,0.5018741511996379,66.97942160558438,1.0,2.0298103136646244
2,conditional_self,0.1,0,0.04344240415300459,0.533870529651426,0.500570393843368,8.805337101268103,0.7510638297872341,0.3795403922960389
2,conditional_cross,0.1,0,0.04332686584408703,0.55350837483024,0.5021095518334088,13.536985085613514,0.8638297872340426,0.5850467117460553
2,sequential_self,0.1,0,0.04317945489822669,0.5257175192394749,0.5000090538705296,6.06850921243448,0.6808510638297872,0.2631665740767859
2,sequential_cross,0.1,0,0.04296829867848079,0.5492304210049797,0.5007605251244908,12.354937906151056,0.825531914893617,0.5384163946120535
2,hotdeck,0.1,0,0.049681472834553125,0.648492530556813,0.49277501131733814,40.014651201253805,0.9936170212765958,1.5081704943535919
2,uniform,0.1,0,0.07146243610532313,0.8426799456767768,0.6424354911724762,114.76363888804629,1.0,3.0071310853198283
2,permutation,0.1,1,0.061482316662616186,0.732571299230421,0.5015255771842463,66.89484417004593,1.0,2.037362413162363
2,conditional_self,0.1,1,0.04344638823262244,0.536025350837483,0.5018605703938434,9.069408929029375,0.7617021276595745,0.39088695063216927
2,conditional_cross,0.1,1,0.042976266837716486,0.5535717519239475,0.4996333182435491,13.790348387280094,0.8978723404255319,0.600858787616728
2,sequential_self,0.1,1,0.04340654743644397,0.5224400181077411,0.4994703485740154,5.813880453100318,0.6808510638297872,0.2508053063751399
2,sequential_cross,0.1,1,0.043314913605233485,0.5493435943866003,0.5009461294703486,12.505977377215702,0.8425531914893617,0.540637359022386
2,hotdeck,0.1,1,0.04925119223582564,0.6423087369850611,0.4923268447261204,37.964565608028614,0.9914893617021276,1.443402834150902
2,uniform,0.1,1,0.07080506296837837,0.8405749207786328,0.640855590765052,114.77914356584562,1.0,3.0354601325651274
2,permutation,0.1,2,0.061773154474719025,0.7270076957899502,0.5013671344499774,65.73696179163599,0.997872340425532,1.9926715280276632
2,conditional_self,0.1,2,0.043040012111602036,0.5358578542326845,0.5017564508827523,8.939586350728453,0.7872340425531915,0.3889295181748008
2,conditional_cross,0.1,2,0.0430280598727485,0.5566908103214124,0.5027614305115436,14.385585463434724,0.8851063829787233,0.6260393673902148
2,sequential_self,0.1,2,0.04255793847784254,0.526129470348574,0.5026663648709824,6.605052142256017,0.7212765957446808,0.29061734758100805
2,sequential_cross,0.1,2,0.04265355638867087,0.5481167949298325,0.5007922136713445,12.15013059830652,0.8617021276595744,0.5333982235385826
2,hotdeck,0.1,2,0.04949820517213216,0.6515753734721593,0.4934314169307379,40.72435263227456,0.9893617021276596,1.5406025223091633
2,uniform,0.1,2,0.07133892963716987,0.8446582163875057,0.6430013580805795,115.89406259744761,1.0,3.0420087915112464
2,permutation,0.2,0,0.12225148307363774,0.8641014033499321,0.5026935264825713,125.10601459819455,1.0,1.9162400802069883
2,conditional_self,0.2,0,0.08917963816588911,0.5996740606609325,0.5020597555454956,25.98457761135973,0.9042553191489362,0.5456018351205805
2,conditional_cross,0.2,0,0.08930712871366021,0.6373879583521955,0.5029017655047533,35.793046843915455,0.9659574468085106,0.750478765910076
2,sequential_self,0.2,0,0.0878091147773497,0.5633725667722952,0.5023675871435038,15.425854577706632,0.8085106382978723,0.3289542491616206
2,sequential_cross,0.2,0,0.08866569189518683,0.6048755092802173,0.5021095518334088,27.30975977940447,0.9446808510638298,0.5767507120341542
2,hotdeck,0.2,0,0.09896453770732154,0.7446446355817112,0.48217292892711633,71.19345725653457,1.0,1.3470581687025465
2,uniform,0.2,0,0.1422595309144658,0.9655183340878225,0.7503259393390674,223.92448550805943,1.0,2.9474475085778122
2,permutation,0.2,1,0.12182120247491025,0.866233589859665,0.5044771389769126,123.95591288678095,1.0,1.9053301192656915
2,conditional_self,0.2,1,0.08906011577735369,0.5999547306473517,0.5037392485287461,25.278010692033785,0.8957446808510638,0.531478260054392
2,conditional_cross,0.2,1,0.09017167399073303,0.6384291534631055,0.5060570393843368,35.85556095314858,0.9531914893617022,0.7445815246754665
2,sequential_self,0.2,1,0.0878330192550568,0.559298325033952,0.5025396106835672,14.405062854680146,0.8,0.30710240141974365
2,sequential_cross,0.2,1,0.08852226502894434,0.604857401539158,0.5033906745133545,27.557465238130266,0.9361702127659575,0.5829249138989705
2,hotdeck,0.2,1,0.10000039840796178,0.7467949298325034,0.4878678134902671,72.10941486186653,1.0,1.3502559755010863
2,uniform,0.2,1,0.14288104733484994,0.9667813490267089,0.7531598008148483,224.35648918354636,1.0,2.940288038264138
2,permutation,0.2,2,0.1219765815800063,0.861090991398823,0.501742870076958,124.15892854010009,1.0,1.9060196111133736
2,conditional_self,0.2,2,0.08941071478372424,0.6044635581711182,0.5033997283838841,26.671841276591405,0.9276595744680851,0.5585850369841351
2,conditional_cross,0.2,2,0.08942665110219562,0.6388954277953826,0.5039157990040742,36.43841464510464,0.9744680851063829,0.7629891688140062
2,sequential_self,0.2,2,0.08858601030282989,0.5666138524219103,0.5053191489361702,16.359561685533432,0.8468085106382979,0.34580589126155664
2,sequential_cross,0.2,2,0.08824736353531289,0.6070574920778633,0.5047713897691263,27.23254324263147,0.925531914893617,0.5778462900242343
2,hotdeck,0.2,2,0.09890876059267169,0.7500950656405614,0.4840832956088728,71.97605450460442,1.0,1.3626337556257182
2,uniform,0.2,2,0.1426818433539576,0.96857401539158,0.7520642824807605,224.3693267747369,1.0,2.944561572170059
