generator,detector,rho_requested,repeat,rho_realized,auc
permutation,lsm_native,0.005,0,0.0023557571176618794,0.5150145
permutation,marginal,0.005,0,0.0023557571176618794,0.4998345
permutation,pairwise,0.005,0,0.0023557571176618794,0.5152395
permutation,logreg,0.005,0,0.0023557571176618794,0.5086165
permutation,latentclass,0.005,0,0.0023557571176618794,0.5016395
permutation,pca,0.005,0,0.0023557571176618794,0.504379
permutation,iforest,0.005,0,0.0023557571176618794,0.5002525
permutation,knn,0.005,0,0.0023557571176618794,0.5036525
lsm_native_conditional,lsm_native,0.005,0,0.001478122113042748,0.500223
lsm_native_conditional,marginal,0.005,0,0.001478122113042748,0.500177
lsm_native_conditional,pairwise,0.005,0,0.001478122113042748,0.502982
lsm_native_conditional,logreg,0.005,0,0.001478122113042748,0.503231
lsm_native_conditional,latentclass,0.005,0,0.001478122113042748,0.501115
lsm_native_conditional,pca,0.005,0,0.001478122113042748,0.502227
lsm_native_conditional,iforest,0.005,0,0.001478122113042748,0.500361
lsm_native_conditional,knn,0.005,0,0.001478122113042748,0.5013075
logreg_conditional,lsm_native,0.005,0,0.0013647434282354916,0.5024325
logreg_conditional,marginal,0.005,0,0.0013647434282354916,0.5000165
logreg_conditional,pairwise,0.005,0,0.0013647434282354916,0.5031075
logreg_conditional,logreg,0.005,0,0.0013647434282354916,0.4980775
logreg_conditional,latentclass,0.005,0,0.0013647434282354916,0.5003005
logreg_conditional,pca,0.005,0,0.0013647434282354916,0.500128
logreg_conditional,iforest,0.005,0,0.0013647434282354916,0.5000895
logreg_conditional,knn,0.005,0,0.0013647434282354916,0.50072
latentclass_conditional,lsm_native,0.005,0,0.0017552700092382631,0.514077
latentclass_conditional,marginal,0.005,0,0.0017552700092382631,0.500335
latentclass_conditional,pairwise,0.005,0,0.0017552700092382631,0.510678
latentclass_conditional,logreg,0.005,0,0.0017552700092382631,0.505392
latentclass_conditional,latentclass,0.005,0,0.0017552700092382631,0.50018
latentclass_conditional,pca,0.005,0,0.0017552700092382631,0.502953
latentclass_conditional,iforest,0.005,0,0.0017552700092382631,0.5006315
latentclass_conditional,knn,0.005,0,0.0017552700092382631,0.502025
splice,lsm_native,0.005,0,0.0017300747459477617,0.510189
splice,marginal,0.005,0,0.0017300747459477617,0.4996225
splice,pairwise,0.005,0,0.0017300747459477617,0.506801
splice,logreg,0.005,0,0.0017300747459477617,0.503689
splice,latentclass,0.005,0,0.0017300747459477617,0.500547
splice,pca,0.005,0,0.0017300747459477617,0.5018755
splice,iforest,0.005,0,0.0017300747459477617,0.500173
splice,knn,0.005,0,0.0017300747459477617,0.5007255
uniform,lsm_native,0.005,0,0.002662299487696313,0.5344095
uniform,marginal,0.005,0,0.002662299487696313,0.507665
uniform,pairwise,0.005,0,0.002662299487696313,0.527813
uniform,logreg,0.005,0,0.002662299487696313,0.517562
uniform,latentclass,0.005,0,0.002662299487696313,0.510341
uniform,pca,0.005,0,0.002662299487696313,0.5102495
uniform,iforest,0.005,0,0.002662299487696313,0.5041405
uniform,knn,0.005,0,0.002662299487696313,0.5104375
permutation,lsm_native,0.005,1,0.002464936591920719,0.5198405
permutation,marginal,0.005,1,0.002464936591920719,0.5000245
permutation,pairwise,0.005,1,0.002464936591920719,0.5143765
permutation,logreg,0.005,1,0.002464936591920719,0.5078775
permutation,latentclass,0.005,1,0.002464936591920719,0.5019025
permutation,pca,0.005,1,0.002464936591920719,0.5038955
permutation,iforest,0.005,1,0.002464936591920719,0.5007405
permutation,knn,0.005,1,0.002464936591920719,0.502672
lsm_native_conditional,lsm_native,0.005,1,0.001557907113462669,0.4998605
lsm_native_conditional,marginal,0.005,1,0.001557907113462669,0.5001925
lsm_native_conditional,pairwise,0.005,1,0.001557907113462669,0.5022615
lsm_native_conditional,logreg,0.005,1,0.001557907113462669,0.5033085
lsm_native_conditional,latentclass,0.005,1,0.001557907113462669,0.5005735
lsm_native_conditional,pca,0.005,1,0.001557907113462669,0.501739
lsm_native_conditional,iforest,0.005,1,0.001557907113462669,0.500255
lsm_native_conditional,knn,0.005,1,0.001557907113462669,0.5010705
logreg_conditional,lsm_native,0.005,1,0.0013563450071386578,0.5030705
logreg_conditional,marginal,0.005,1,0.0013563450071386578,0.499734
logreg_conditional,pairwise,0.005,1,0.0013563450071386578,0.5014385
logreg_conditional,logreg,0.005,1,0.0013563450071386578,0.4983475
logreg_conditional,latentclass,0.005,1,0.0013563450071386578,0.4995255
logreg_conditional,pca,0.005,1,0.0013563450071386578,0.499938
logreg_conditional,iforest,0.005,1,0.0013563450071386578,0.5001095
logreg_conditional,knn,0.005,1,0.0013563450071386578,0.49975
latentclass_conditional,lsm_native,0.005,1,0.0017342739564961786,0.5102875
latentclass_conditional,marginal,0.005,1,0.0017342739564961786,0.500043
latentclass_conditional,pairwise,0.005,1,0.0017342739564961786,0.5077825
latentclass_conditional,logreg,0.005,1,0.0017342739564961786,0.5057725
latentclass_conditional,latentclass,0.005,1,0.0017342739564961786,0.4995955
latentclass_conditional,pca,0.005,1,0.0017342739564961786,0.502371
latentclass_conditional,iforest,0.005,1,0.0017342739564961786,0.5002695
latentclass_conditional,knn,0.005,1,0.0017342739564961786,0.501011
splice,lsm_native,0.005,1,0.0017258755353993448,0.5103435
splice,marginal,0.005,1,0.0017258755353993448,0.499591
splice,pairwise,0.005,1,0.0017258755353993448,0.5071305
splice,logreg,0.005,1,0.0017258755353993448,0.5044775
splice,latentclass,0.005,1,0.0017258755353993448,0.4998345
splice,pca,0.005,1,0.0017258755353993448,0.5014485
splice,iforest,0.005,1,0.0017258755353993448,0.499897
splice,knn,0.005,1,0.0017258755353993448,0.5005675
uniform,lsm_native,0.005,1,0.0028008734357940707,0.5292195
uniform,marginal,0.005,1,0.0028008734357940707,0.5081195
uniform,pairwise,0.005,1,0.0028008734357940707,0.5248775
uniform,logreg,0.005,1,0.0028008734357940707,0.5217065
uniform,latentclass,0.005,1,0.0028008734357940707,0.5105535
uniform,pca,0.005,1,0.0028008734357940707,0.510062
uniform,iforest,0.005,1,0.0028008734357940707,0.5044445
uniform,knn,0.005,1,0.0028008734357940707,0.5115445
permutation,lsm_native,0.005,2,0.0024397413286302177,0.5171275
permutation,marginal,0.005,2,0.0024397413286302177,0.499997
permutation,pairwise,0.005,2,0.0024397413286302177,0.5132745
permutation,logreg,0.005,2,0.0024397413286302177,0.5094905
permutation,latentclass,0.005,2,0.0024397413286302177,0.5016755
permutation,pca,0.005,2,0.0024397413286302177,0.504591
permutation,iforest,0.005,2,0.0024397413286302177,0.500671
permutation,knn,0.005,2,0.0024397413286302177,0.503015
lsm_native_conditional,lsm_native,0.005,2,0.00163769211388259,0.4993245
lsm_native_conditional,marginal,0.005,2,0.00163769211388259,0.499977
lsm_native_conditional,pairwise,0.005,2,0.00163769211388259,0.502196
lsm_native_conditional,logreg,0.005,2,0.00163769211388259,0.503138
lsm_native_conditional,latentclass,0.005,2,0.00163769211388259,0.500761
lsm_native_conditional,pca,0.005,2,0.00163769211388259,0.501395
lsm_native_conditional,iforest,0.005,2,0.00163769211388259,0.500391
lsm_native_conditional,knn,0.005,2,0.00163769211388259,0.501225
logreg_conditional,lsm_native,0.005,2,0.0014235323759133284,0.5035185
logreg_conditional,marginal,0.005,2,0.0014235323759133284,0.4996815
logreg_conditional,pairwise,0.005,2,0.0014235323759133284,0.5018215
logreg_conditional,logreg,0.005,2,0.0014235323759133284,0.4992725
logreg_conditional,latentclass,0.005,2,0.0014235323759133284,0.5000075
logreg_conditional,pca,0.005,2,0.0014235323759133284,0.499955
logreg_conditional,iforest,0.005,2,0.0014235323759133284,0.4998995
logreg_conditional,knn,0.005,2,0.0014235323759133284,0.4998895
latentclass_conditional,lsm_native,0.005,2,0.0019148400100781054,0.5115745
latentclass_conditional,marginal,0.005,2,0.0019148400100781054,0.499941
latentclass_conditional,pairwise,0.005,2,0.0019148400100781054,0.509091
latentclass_conditional,logreg,0.005,2,0.0019148400100781054,0.506353
latentclass_conditional,latentclass,0.005,2,0.0019148400100781054,0.49985
latentclass_conditional,pca,0.005,2,0.0019148400100781054,0.5025925
latentclass_conditional,iforest,0.005,2,0.0019148400100781054,0.500856
latentclass_conditional,knn,0.005,2,0.0019148400100781054,0.5021165
splice,lsm_native,0.005,2,0.0017468715881414293,0.508808
splice,marginal,0.005,2,0.0017468715881414293,0.4994085
splice,pairwise,0.005,2,0.0017468715881414293,0.506216
splice,logreg,0.005,2,0.0017468715881414293,0.503658
splice,latentclass,0.005,2,0.0017468715881414293,0.500059
splice,pca,0.005,2,0.0017468715881414293,0.501463
splice,iforest,0.005,2,0.0017468715881414293,0.499844
splice,knn,0.005,2,0.0017468715881414293,0.5003575
uniform,lsm_native,0.005,2,0.002708490803728899,0.5341395
uniform,marginal,0.005,2,0.002708490803728899,0.508051
uniform,pairwise,0.005,2,0.002708490803728899,0.5256665
uniform,logreg,0.005,2,0.002708490803728899,0.5200815
uniform,latentclass,0.005,2,0.002708490803728899,0.5105145
uniform,pca,0.005,2,0.002708490803728899,0.510206
uniform,iforest,0.005,2,0.002708490803728899,0.503888
uniform,knn,0.005,2,0.002708490803728899,0.510137
permutation,lsm_native,0.01,0,0.005475770555135634,0.537991
permutation,marginal,0.01,0,0.005475770555135634,0.4999565
permutation,pairwise,0.01,0,0.005475770555135634,0.528456
permutation,logreg,0.01,0,0.005475770555135634,0.518721
permutation,latentclass,0.01,0,0.005475770555135634,0.504681
permutation,pca,0.01,0,0.005475770555135634,0.5092835
permutation,iforest,0.01,0,0.005475770555135634,0.500747
permutation,knn,0.01,0,0.005475770555135634,0.5073135
lsm_native_conditional,lsm_native,0.01,0,0.0037498950197362895,0.501518
lsm_native_conditional,marginal,0.01,0,0.0037498950197362895,0.4994185
lsm_native_conditional,pairwise,0.01,0,0.0037498950197362895,0.504611
lsm_native_conditional,logreg,0.01,0,0.0037498950197362895,0.506387
lsm_native_conditional,latentclass,0.01,0,0.0037498950197362895,0.500975
lsm_native_conditional,pca,0.01,0,0.0037498950197362895,0.5022555
lsm_native_conditional,iforest,0.01,0,0.0037498950197362895,0.49936
lsm_native_conditional,knn,0.01,0,0.0037498950197362895,0.5013995
logreg_conditional,lsm_native,0.01,0,0.0034097589653145207,0.511003
logreg_conditional,marginal,0.01,0,0.0034097589653145207,0.499537
logreg_conditional,pairwise,0.01,0,0.0034097589653145207,0.505735
logreg_conditional,logreg,0.01,0,0.0034097589653145207,0.495489
logreg_conditional,latentclass,0.01,0,0.0034097589653145207,0.499818
logreg_conditional,pca,0.01,0,0.0034097589653145207,0.4990015
logreg_conditional,iforest,0.01,0,0.0034097589653145207,0.498908
logreg_conditional,knn,0.01,0,0.0034097589653145207,0.4993405
latentclass_conditional,lsm_native,0.01,0,0.004543545813387083,0.533364
latentclass_conditional,marginal,0.01,0,0.004543545813387083,0.499972
latentclass_conditional,pairwise,0.01,0,0.004543545813387083,0.522677
latentclass_conditional,logreg,0.01,0,0.004543545813387083,0.513046
latentclass_conditional,latentclass,0.01,0,0.004543545813387083,0.499517
latentclass_conditional,pca,0.01,0,0.004543545813387083,0.504938
latentclass_conditional,iforest,0.01,0,0.004543545813387083,0.4997085
latentclass_conditional,knn,0.01,0,0.004543545813387083,0.502419
splice,lsm_native,0.01,0,0.0042160073906105655,0.525504
splice,marginal,0.01,0,0.0042160073906105655,0.4987155
splice,pairwise,0.01,0,0.0042160073906105655,0.518081
splice,logreg,0.01,0,0.0042160073906105655,0.509071
splice,latentclass,0.01,0,0.0042160073906105655,0.499864
splice,pca,0.01,0,0.0042160073906105655,0.502591
splice,iforest,0.01,0,0.0042160073906105655,0.4984405
splice,knn,0.01,0,0.0042160073906105655,0.501696
uniform,lsm_native,0.01,0,0.006533971613336693,0.5671345
uniform,marginal,0.01,0,0.006533971613336693,0.5176985
uniform,pairwise,0.01,0,0.006533971613336693,0.5571065
uniform,logreg,0.01,0,0.006533971613336693,0.5439235
uniform,latentclass,0.01,0,0.006533971613336693,0.5224235
uniform,pca,0.01,0,0.006533971613336693,0.521322
uniform,iforest,0.01,0,0.006533971613336693,0.508317
uniform,knn,0.01,0,0.006533971613336693,0.5233165
permutation,lsm_native,0.01,1,0.005446376081296716,0.539127
permutation,marginal,0.01,1,0.005446376081296716,0.500138
permutation,pairwise,0.01,1,0.005446376081296716,0.530705
permutation,logreg,0.01,1,0.005446376081296716,0.519067
permutation,latentclass,0.01,1,0.005446376081296716,0.504656
permutation,pca,0.01,1,0.005446376081296716,0.509406
permutation,iforest,0.01,1,0.005446376081296716,0.500788
permutation,knn,0.01,1,0.005446376081296716,0.5063085
lsm_native_conditional,lsm_native,0.01,1,0.003766691861929957,0.5018755
lsm_native_conditional,marginal,0.01,1,0.003766691861929957,0.5001635
lsm_native_conditional,pairwise,0.01,1,0.003766691861929957,0.506219
lsm_native_conditional,logreg,0.01,1,0.003766691861929957,0.506126
lsm_native_conditional,latentclass,0.01,1,0.003766691861929957,0.501702
lsm_native_conditional,pca,0.01,1,0.003766691861929957,0.5027865
lsm_native_conditional,iforest,0.01,1,0.003766691861929957,0.5001165
lsm_native_conditional,knn,0.01,1,0.003766691861929957,0.5014655
logreg_conditional,lsm_native,0.01,1,0.0033341731754430166,0.509505
logreg_conditional,marginal,0.01,1,0.0033341731754430166,0.500252
logreg_conditional,pairwise,0.01,1,0.0033341731754430166,0.5064995
logreg_conditional,logreg,0.01,1,0.0033341731754430166,0.4956235
logreg_conditional,latentclass,0.01,1,0.0033341731754430166,0.5004605
logreg_conditional,pca,0.01,1,0.0033341731754430166,0.499711
logreg_conditional,iforest,0.01,1,0.0033341731754430166,0.5003035
logreg_conditional,knn,0.01,1,0.0033341731754430166,0.5002155
latentclass_conditional,lsm_native,0.01,1,0.004388175023095658,0.531398
latentclass_conditional,marginal,0.01,1,0.004388175023095658,0.500012
latentclass_conditional,pairwise,0.01,1,0.004388175023095658,0.522929
latentclass_conditional,logreg,0.01,1,0.004388175023095658,0.513338
latentclass_conditional,latentclass,0.01,1,0.004388175023095658,0.499242
latentclass_conditional,pca,0.01,1,0.004388175023095658,0.5057395
latentclass_conditional,iforest,0.01,1,0.004388175023095658,0.5005235
latentclass_conditional,knn,0.01,1,0.004388175023095658,0.5032755
splice,lsm_native,0.01,1,0.004081632653061225,0.5229745
splice,marginal,0.01,1,0.004081632653061225,0.4996385
splice,pairwise,0.01,1,0.004081632653061225,0.5186405
splice,logreg,0.01,1,0.004081632653061225,0.5090245
splice,latentclass,0.01,1,0.004081632653061225,0.5007775
splice,pca,0.01,1,0.004081632653061225,0.503366
splice,iforest,0.01,1,0.004081632653061225,0.4993325
splice,knn,0.01,1,0.004081632653061225,0.5019775
uniform,lsm_native,0.01,1,0.006806920298983791,0.576004
uniform,marginal,0.01,1,0.006806920298983791,0.519199
uniform,pairwise,0.01,1,0.006806920298983791,0.5619375
uniform,logreg,0.01,1,0.006806920298983791,0.5452855
uniform,latentclass,0.01,1,0.006806920298983791,0.5241225
uniform,pca,0.01,1,0.006806920298983791,0.5235055
uniform,iforest,0.01,1,0.006806920298983791,0.510195
uniform,knn,0.01,1,0.006806920298983791,0.525016
permutation,lsm_native,0.01,2,0.005551356345007139,0.5447915
permutation,marginal,0.01,2,0.005551356345007139,0.5001255
permutation,pairwise,0.01,2,0.005551356345007139,0.5314235
permutation,logreg,0.01,2,0.005551356345007139,0.5210175
permutation,latentclass,0.01,2,0.005551356345007139,0.5048145
permutation,pca,0.01,2,0.005551356345007139,0.5101905
permutation,iforest,0.01,2,0.005551356345007139,0.5003635
permutation,knn,0.01,2,0.005551356345007139,0.507194
lsm_native_conditional,lsm_native,0.01,2,0.0039556563366087176,0.5005015
lsm_native_conditional,marginal,0.01,2,0.0039556563366087176,0.499904
lsm_native_conditional,pairwise,0.01,2,0.0039556563366087176,0.508147
lsm_native_conditional,logreg,0.01,2,0.0039556563366087176,0.507111
lsm_native_conditional,latentclass,0.01,2,0.0039556563366087176,0.501794
lsm_native_conditional,pca,0.01,2,0.0039556563366087176,0.5036335
lsm_native_conditional,iforest,0.01,2,0.0039556563366087176,0.50009
lsm_native_conditional,knn,0.01,2,0.0039556563366087176,0.50202
logreg_conditional,lsm_native,0.01,2,0.0033845637020240194,0.50513
logreg_conditional,marginal,0.01,2,0.0033845637020240194,0.4992005
logreg_conditional,pairwise,0.01,2,0.0033845637020240194,0.5047945
logreg_conditional,logreg,0.01,2,0.0033845637020240194,0.4943325
logreg_conditional,latentclass,0.01,2,0.0033845637020240194,0.4992945
logreg_conditional,pca,0.01,2,0.0033845637020240194,0.4990455
logreg_conditional,iforest,0.01,2,0.0033845637020240194,0.4992335
logreg_conditional,knn,0.01,2,0.0033845637020240194,0.499434
latentclass_conditional,lsm_native,0.01,2,0.004467960023515579,0.527186
latentclass_conditional,marginal,0.01,2,0.004467960023515579,0.499979
latentclass_conditional,pairwise,0.01,2,0.004467960023515579,0.522196
latentclass_conditional,logreg,0.01,2,0.004467960023515579,0.512234
latentclass_conditional,latentclass,0.01,2,0.004467960023515579,0.499315
latentclass_conditional,pca,0.01,2,0.004467960023515579,0.5051325
latentclass_conditional,iforest,0.01,2,0.004467960023515579,0.5001
latentclass_conditional,knn,0.01,2,0.004467960023515579,0.5030175
splice,lsm_native,0.01,2,0.004253800285546317,0.5207875
splice,marginal,0.01,2,0.004253800285546317,0.4987725
splice,pairwise,0.01,2,0.004253800285546317,0.5171385
splice,logreg,0.01,2,0.004253800285546317,0.5081195
splice,latentclass,0.01,2,0.004253800285546317,0.5003125
splice,pca,0.01,2,0.004253800285546317,0.5033565
splice,iforest,0.01,2,0.004253800285546317,0.4984535
splice,knn,0.01,2,0.004253800285546317,0.5011405
uniform,lsm_native,0.01,2,0.0066473502981439486,0.573286
uniform,marginal,0.01,2,0.0066473502981439486,0.517588
uniform,pairwise,0.01,2,0.0066473502981439486,0.55833
uniform,logreg,0.01,2,0.0066473502981439486,0.541992
uniform,latentclass,0.01,2,0.0066473502981439486,0.522202
uniform,pca,0.01,2,0.0066473502981439486,0.5224315
uniform,iforest,0.01,2,0.0066473502981439486,0.5096565
uniform,knn,0.01,2,0.0066473502981439486,0.5226455
permutation,lsm_native,0.02,0,0.011018728479045939,0.5748595
permutation,marginal,0.02,0,0.011018728479045939,0.4999535
permutation,pairwise,0.02,0,0.011018728479045939,0.5598405
permutation,logreg,0.02,0,0.011018728479045939,0.5400445
permutation,latentclass,0.02,0,0.011018728479045939,0.5090115
permutation,pca,0.02,0,0.011018728479045939,0.519659
permutation,iforest,0.02,0,0.011018728479045939,0.5009355
permutation,knn,0.02,0,0.011018728479045939,0.515368
lsm_native_conditional,lsm_native,0.02,0,0.00783572688334593,0.504462
lsm_native_conditional,marginal,0.02,0,0.00783572688334593,0.500362
lsm_native_conditional,pairwise,0.02,0,0.00783572688334593,0.513636
lsm_native_conditional,logreg,0.02,0,0.00783572688334593,0.51465
lsm_native_conditional,latentclass,0.02,0,0.00783572688334593,0.503672
lsm_native_conditional,pca,0.02,0,0.00783572688334593,0.507301
lsm_native_conditional,iforest,0.02,0,0.00783572688334593,0.501539
lsm_native_conditional,knn,0.02,0,0.00783572688334593,0.504183
logreg_conditional,lsm_native,0.02,0,0.006857310825564794,0.5207965
logreg_conditional,marginal,0.02,0,0.006857310825564794,0.4991475
logreg_conditional,pairwise,0.02,0,0.006857310825564794,0.5116315
logreg_conditional,logreg,0.02,0,0.006857310825564794,0.4904365
logreg_conditional,latentclass,0.02,0,0.006857310825564794,0.4998465
logreg_conditional,pca,0.02,0,0.006857310825564794,0.4991205
logreg_conditional,iforest,0.02,0,0.006857310825564794,0.5005435
logreg_conditional,knn,0.02,0,0.006857310825564794,0.498994
latentclass_conditional,lsm_native,0.02,0,0.008830939783320736,0.560699
latentclass_conditional,marginal,0.02,0,0.008830939783320736,0.49979
latentclass_conditional,pairwise,0.02,0,0.008830939783320736,0.543022
latentclass_conditional,logreg,0.02,0,0.008830939783320736,0.524926
latentclass_conditional,latentclass,0.02,0,0.008830939783320736,0.499061
latentclass_conditional,pca,0.02,0,0.008830939783320736,0.509471
latentclass_conditional,iforest,0.02,0,0.008830939783320736,0.5012495
latentclass_conditional,knn,0.02,0,0.008830939783320736,0.504674
splice,lsm_native,0.02,0,0.008272444780381288,0.5525315
splice,marginal,0.02,0,0.008272444780381288,0.4976395
splice,pairwise,0.02,0,0.008272444780381288,0.5353245
splice,logreg,0.02,0,0.008272444780381288,0.5160745
splice,latentclass,0.02,0,0.008272444780381288,0.4993695
splice,pca,0.02,0,0.008272444780381288,0.5053665
splice,iforest,0.02,0,0.008272444780381288,0.4988235
splice,knn,0.02,0,0.008272444780381288,0.500367
uniform,lsm_native,0.02,0,0.013181321911480642,0.647347
uniform,marginal,0.02,0,0.013181321911480642,0.536292
uniform,pairwise,0.02,0,0.013181321911480642,0.616619
uniform,logreg,0.02,0,0.013181321911480642,0.585147
uniform,latentclass,0.02,0,0.013181321911480642,0.546671
uniform,pca,0.02,0,0.013181321911480642,0.545557
uniform,iforest,0.02,0,0.013181321911480642,0.5211755
uniform,knn,0.02,0,0.013181321911480642,0.54821
permutation,lsm_native,0.02,1,0.011043923742336441,0.5750645
permutation,marginal,0.02,1,0.011043923742336441,0.4999665
permutation,pairwise,0.02,1,0.011043923742336441,0.5584205
permutation,logreg,0.02,1,0.011043923742336441,0.5360275
permutation,latentclass,0.02,1,0.011043923742336441,0.5086335
permutation,pca,0.02,1,0.011043923742336441,0.5193555
permutation,iforest,0.02,1,0.011043923742336441,0.5004705
permutation,knn,0.02,1,0.011043923742336441,0.512864
lsm_native_conditional,lsm_native,0.02,1,0.007420005039052658,0.5043555
lsm_native_conditional,marginal,0.02,1,0.007420005039052658,0.4999445
lsm_native_conditional,pairwise,0.02,1,0.007420005039052658,0.5109065
lsm_native_conditional,logreg,0.02,1,0.007420005039052658,0.5107635
lsm_native_conditional,latentclass,0.02,1,0.007420005039052658,0.5030735
lsm_native_conditional,pca,0.02,1,0.007420005039052658,0.5060405
lsm_native_conditional,iforest,0.02,1,0.007420005039052658,0.501566
lsm_native_conditional,knn,0.02,1,0.007420005039052658,0.5033865
logreg_conditional,lsm_native,0.02,1,0.006827916351725876,0.5203405
logreg_conditional,marginal,0.02,1,0.006827916351725876,0.4991745
logreg_conditional,pairwise,0.02,1,0.006827916351725876,0.512881
logreg_conditional,logreg,0.02,1,0.006827916351725876,0.489245
logreg_conditional,latentclass,0.02,1,0.006827916351725876,0.499598
logreg_conditional,pca,0.02,1,0.006827916351725876,0.49836
logreg_conditional,iforest,0.02,1,0.006827916351725876,0.499847
logreg_conditional,knn,0.02,1,0.006827916351725876,0.4990075
latentclass_conditional,lsm_native,0.02,1,0.008893927941546989,0.5638685
latentclass_conditional,marginal,0.02,1,0.008893927941546989,0.50031
latentclass_conditional,pairwise,0.02,1,0.008893927941546989,0.547531
latentclass_conditional,logreg,0.02,1,0.008893927941546989,0.525108
latentclass_conditional,latentclass,0.02,1,0.008893927941546989,0.499497
latentclass_conditional,pca,0.02,1,0.008893927941546989,0.510612
latentclass_conditional,iforest,0.02,1,0.008893927941546989,0.501051
latentclass_conditional,knn,0.02,1,0.008893927941546989,0.506531
splice,lsm_native,0.02,1,0.00836482741244646,0.555086
splice,marginal,0.02,1,0.00836482741244646,0.498308
splice,pairwise,0.02,1,0.00836482741244646,0.5359525
splice,logreg,0.02,1,0.00836482741244646,0.5172945
splice,latentclass,0.02,1,0.00836482741244646,0.5004905
splice,pca,0.02,1,0.00836482741244646,0.5058655
splice,iforest,0.02,1,0.00836482741244646,0.498315
splice,knn,0.02,1,0.00836482741244646,0.502292
uniform,lsm_native,0.02,1,0.01325270849080373,0.6398505
uniform,marginal,0.02,1,0.01325270849080373,0.5352975
uniform,pairwise,0.02,1,0.01325270849080373,0.6108625
uniform,logreg,0.02,1,0.01325270849080373,0.5839645
uniform,latentclass,0.02,1,0.01325270849080373,0.5462785
uniform,pca,0.02,1,0.01325270849080373,0.5449195
uniform,iforest,0.02,1,0.01325270849080373,0.5171385
uniform,knn,0.02,1,0.01325270849080373,0.5470455
permutation,lsm_native,0.02,2,0.010980935584110188,0.5777285
permutation,marginal,0.02,2,0.010980935584110188,0.5001305
permutation,pairwise,0.02,2,0.010980935584110188,0.5587835
permutation,logreg,0.02,2,0.010980935584110188,0.5386745
permutation,latentclass,0.02,2,0.010980935584110188,0.5087885
permutation,pca,0.02,2,0.010980935584110188,0.5201215
permutation,iforest,0.02,2,0.010980935584110188,0.5012175
permutation,knn,0.02,2,0.010980935584110188,0.5147855
lsm_native_conditional,lsm_native,0.02,2,0.007785336356764928,0.501247
lsm_native_conditional,marginal,0.02,2,0.007785336356764928,0.5010165
lsm_native_conditional,pairwise,0.02,2,0.007785336356764928,0.51368
lsm_native_conditional,logreg,0.02,2,0.007785336356764928,0.515561
lsm_native_conditional,latentclass,0.02,2,0.007785336356764928,0.50434
lsm_native_conditional,pca,0.02,2,0.007785336356764928,0.507545
lsm_native_conditional,iforest,0.02,2,0.007785336356764928,0.50043
lsm_native_conditional,knn,0.02,2,0.007785336356764928,0.5056185
logreg_conditional,lsm_native,0.02,2,0.006790123456790123,0.5175145
logreg_conditional,marginal,0.02,2,0.006790123456790123,0.4995055
logreg_conditional,pairwise,0.02,2,0.006790123456790123,0.5117235
logreg_conditional,logreg,0.02,2,0.006790123456790123,0.4915035
logreg_conditional,latentclass,0.02,2,0.006790123456790123,0.4997395
logreg_conditional,pca,0.02,2,0.006790123456790123,0.4992485
logreg_conditional,iforest,0.02,2,0.006790123456790123,0.5004975
logreg_conditional,knn,0.02,2,0.006790123456790123,0.500543
latentclass_conditional,lsm_native,0.02,2,0.008877131099353322,0.555331
latentclass_conditional,marginal,0.02,2,0.008877131099353322,0.501338
latentclass_conditional,pairwise,0.02,2,0.008877131099353322,0.54216
latentclass_conditional,logreg,0.02,2,0.008877131099353322,0.525534
latentclass_conditional,latentclass,0.02,2,0.008877131099353322,0.49967
latentclass_conditional,pca,0.02,2,0.008877131099353322,0.510482
latentclass_conditional,iforest,0.02,2,0.008877131099353322,0.5005515
latentclass_conditional,knn,0.02,2,0.008877131099353322,0.506338
splice,lsm_native,0.02,2,0.008159066095574033,0.545051
splice,marginal,0.02,2,0.008159066095574033,0.498001
splice,pairwise,0.02,2,0.008159066095574033,0.53127
splice,logreg,0.02,2,0.008159066095574033,0.516009
splice,latentclass,0.02,2,0.008159066095574033,0.499853
splice,pca,0.02,2,0.008159066095574033,0.505316
splice,iforest,0.02,2,0.008159066095574033,0.4986395
splice,knn,0.02,2,0.008159066095574033,0.500922
uniform,lsm_native,0.02,2,0.013357688754514152,0.643104
uniform,marginal,0.02,2,0.013357688754514152,0.536846
uniform,pairwise,0.02,2,0.013357688754514152,0.616432
uniform,logreg,0.02,2,0.013357688754514152,0.586843
uniform,latentclass,0.02,2,0.013357688754514152,0.548805
uniform,pca,0.02,2,0.013357688754514152,0.547153
uniform,iforest,0.02,2,0.013357688754514152,0.5209625
uniform,knn,0.02,2,0.013357688754514152,0.5499695
permutation,lsm_native,0.05,0,0.02713529856386999,0.67196
permutation,marginal,0.05,0,0.02713529856386999,0.500857
permutation,pairwise,0.05,0,0.02713529856386999,0.639407
permutation,logreg,0.05,0,0.02713529856386999,0.595832
permutation,latentclass,0.05,0,0.02713529856386999,0.521797
permutation,pca,0.05,0,0.02713529856386999,0.546585
permutation,iforest,0.05,0,0.02713529856386999,0.501291
permutation,knn,0.05,0,0.02713529856386999,0.5367085
lsm_native_conditional,lsm_native,0.05,0,0.019135802469135803,0.5138885
lsm_native_conditional,marginal,0.05,0,0.019135802469135803,0.5003725
lsm_native_conditional,pairwise,0.05,0,0.019135802469135803,0.5325385
lsm_native_conditional,logreg,0.05,0,0.019135802469135803,0.5321305
lsm_native_conditional,latentclass,0.05,0,0.019135802469135803,0.5091415
lsm_native_conditional,pca,0.05,0,0.019135802469135803,0.5149785
lsm_native_conditional,iforest,0.05,0,0.019135802469135803,0.5015075
lsm_native_conditional,knn,0.05,0,0.019135802469135803,0.510368
logreg_conditional,lsm_native,0.05,0,0.017451919039220627,0.542645
logreg_conditional,marginal,0.05,0,0.017451919039220627,0.497962
logreg_conditional,pairwise,0.05,0,0.017451919039220627,0.529503
logreg_conditional,logreg,0.05,0,0.017451919039220627,0.478512
logreg_conditional,latentclass,0.05,0,0.017451919039220627,0.499577
logreg_conditional,pca,0.05,0,0.017451919039220627,0.498323
logreg_conditional,iforest,0.05,0,0.017451919039220627,0.4984
logreg_conditional,knn,0.05,0,0.017451919039220627,0.499273
latentclass_conditional,lsm_native,0.05,0,0.022642143277063913,0.6381455
latentclass_conditional,marginal,0.05,0,0.022642143277063913,0.5002205
latentclass_conditional,pairwise,0.05,0,0.022642143277063913,0.6046795
latentclass_conditional,logreg,0.05,0,0.022642143277063913,0.5610225
latentclass_conditional,latentclass,0.05,0,0.022642143277063913,0.4975295
latentclass_conditional,pca,0.05,0,0.022642143277063913,0.5257535
latentclass_conditional,iforest,0.05,0,0.022642143277063913,0.501225
latentclass_conditional,knn,0.05,0,0.022642143277063913,0.514824
splice,lsm_native,0.05,0,0.020605526161081716,0.610613
splice,marginal,0.05,0,0.020605526161081716,0.493409
splice,pairwise,0.05,0,0.020605526161081716,0.578399
splice,logreg,0.05,0,0.020605526161081716,0.536188
splice,latentclass,0.05,0,0.020605526161081716,0.498998
splice,pca,0.05,0,0.020605526161081716,0.512166
splice,iforest,0.05,0,0.020605526161081716,0.497115
splice,knn,0.05,0,0.020605526161081716,0.5010865
uniform,lsm_native,0.05,0,0.03350970017636684,0.791581
uniform,marginal,0.05,0,0.03350970017636684,0.589919
uniform,pairwise,0.05,0,0.03350970017636684,0.76205
uniform,logreg,0.05,0,0.03350970017636684,0.701524
uniform,latentclass,0.05,0,0.03350970017636684,0.617626
uniform,pca,0.05,0,0.03350970017636684,0.613827
uniform,iforest,0.05,0,0.03350970017636684,0.548661
uniform,knn,0.05,0,0.03350970017636684,0.61926
permutation,lsm_native,0.05,1,0.027332661459645587,0.6711425
permutation,marginal,0.05,1,0.027332661459645587,0.5005595
permutation,pairwise,0.05,1,0.027332661459645587,0.6371475
permutation,logreg,0.05,1,0.027332661459645587,0.5905535
permutation,latentclass,0.05,1,0.027332661459645587,0.5214225
permutation,pca,0.05,1,0.027332661459645587,0.5459105
permutation,iforest,0.05,1,0.027332661459645587,0.5004905
permutation,knn,0.05,1,0.027332661459645587,0.5352225
lsm_native_conditional,lsm_native,0.05,1,0.019148400100781053,0.515021
lsm_native_conditional,marginal,0.05,1,0.019148400100781053,0.499784
lsm_native_conditional,pairwise,0.05,1,0.019148400100781053,0.531674
lsm_native_conditional,logreg,0.05,1,0.019148400100781053,0.533473
lsm_native_conditional,latentclass,0.05,1,0.019148400100781053,0.507359
lsm_native_conditional,pca,0.05,1,0.019148400100781053,0.516304
lsm_native_conditional,iforest,0.05,1,0.019148400100781053,0.5000945
lsm_native_conditional,knn,0.05,1,0.019148400100781053,0.5100605
logreg_conditional,lsm_native,0.05,1,0.017552700092382634,0.5443875
logreg_conditional,marginal,0.05,1,0.017552700092382634,0.4974955
logreg_conditional,pairwise,0.05,1,0.017552700092382634,0.5267155
logreg_conditional,logreg,0.05,1,0.017552700092382634,0.4782015
logreg_conditional,latentclass,0.05,1,0.017552700092382634,0.4987675
logreg_conditional,pca,0.05,1,0.017552700092382634,0.4977555
logreg_conditional,iforest,0.05,1,0.017552700092382634,0.498725
logreg_conditional,knn,0.05,1,0.017552700092382634,0.498298
latentclass_conditional,lsm_native,0.05,1,0.022625346434870245,0.641213
latentclass_conditional,marginal,0.05,1,0.022625346434870245,0.500322
latentclass_conditional,pairwise,0.05,1,0.022625346434870245,0.601411
latentclass_conditional,logreg,0.05,1,0.022625346434870245,0.561111
latentclass_conditional,latentclass,0.05,1,0.022625346434870245,0.497496
latentclass_conditional,pca,0.05,1,0.022625346434870245,0.527105
latentclass_conditional,iforest,0.05,1,0.022625346434870245,0.501943
latentclass_conditional,knn,0.05,1,0.022625346434870245,0.514606
splice,lsm_native,0.05,1,0.020773494583018394,0.6114365
splice,marginal,0.05,1,0.020773494583018394,0.4938645
splice,pairwise,0.05,1,0.020773494583018394,0.5786315
splice,logreg,0.05,1,0.020773494583018394,0.5379325
splice,latentclass,0.05,1,0.020773494583018394,0.4985145
splice,pca,0.05,1,0.020773494583018394,0.5128845
splice,iforest,0.05,1,0.020773494583018394,0.496749
splice,knn,0.05,1,0.020773494583018394,0.5013775
uniform,lsm_native,0.05,1,0.03336692701772067,0.795889
uniform,marginal,0.05,1,0.03336692701772067,0.592241
uniform,pairwise,0.05,1,0.03336692701772067,0.7585
uniform,logreg,0.05,1,0.03336692701772067,0.703127
uniform,latentclass,0.05,1,0.03336692701772067,0.61865
uniform,pca,0.05,1,0.03336692701772067,0.612803
uniform,iforest,0.05,1,0.03336692701772067,0.545578
uniform,knn,0.05,1,0.03336692701772067,0.622469
permutation,lsm_native,0.05,2,0.027366255144032924,0.6666615
permutation,marginal,0.05,2,0.027366255144032924,0.4996405
permutation,pairwise,0.05,2,0.027366255144032924,0.6288035
permutation,logreg,0.05,2,0.027366255144032924,0.5899975
permutation,latentclass,0.05,2,0.027366255144032924,0.5201425
permutation,pca,0.05,2,0.027366255144032924,0.5454235
permutation,iforest,0.05,2,0.027366255144032924,0.5016265
permutation,knn,0.05,2,0.027366255144032924,0.536173
lsm_native_conditional,lsm_native,0.05,2,0.01927437641723356,0.5114545
lsm_native_conditional,marginal,0.05,2,0.01927437641723356,0.5008285
lsm_native_conditional,pairwise,0.05,2,0.01927437641723356,0.5312375
lsm_native_conditional,logreg,0.05,2,0.01927437641723356,0.5335635
lsm_native_conditional,latentclass,0.05,2,0.01927437641723356,0.5099555
lsm_native_conditional,pca,0.05,2,0.01927437641723356,0.51895
lsm_native_conditional,iforest,0.05,2,0.01927437641723356,0.5017255
lsm_native_conditional,knn,0.05,2,0.01927437641723356,0.5128135
logreg_conditional,lsm_native,0.05,2,0.01705719324766944,0.5463525
logreg_conditional,marginal,0.05,2,0.01705719324766944,0.4995925
logreg_conditional,pairwise,0.05,2,0.01705719324766944,0.5296735
logreg_conditional,logreg,0.05,2,0.01705719324766944,0.4800795
logreg_conditional,latentclass,0.05,2,0.01705719324766944,0.5008565
logreg_conditional,pca,0.05,2,0.01705719324766944,0.4997725
logreg_conditional,iforest,0.05,2,0.01705719324766944,0.499162
logreg_conditional,knn,0.05,2,0.01705719324766944,0.502354
latentclass_conditional,lsm_native,0.05,2,0.022612748803224995,0.640317
latentclass_conditional,marginal,0.05,2,0.022612748803224995,0.501767
latentclass_conditional,pairwise,0.05,2,0.022612748803224995,0.599657
latentclass_conditional,logreg,0.05,2,0.022612748803224995,0.561251
latentclass_conditional,latentclass,0.05,2,0.022612748803224995,0.497843
latentclass_conditional,pca,0.05,2,0.022612748803224995,0.526678
latentclass_conditional,iforest,0.05,2,0.022612748803224995,0.5001975
latentclass_conditional,knn,0.05,2,0.022612748803224995,0.516094
splice,lsm_native,0.05,2,0.020433358528596623,0.603683
splice,marginal,0.05,2,0.020433358528596623,0.496256
splice,pairwise,0.05,2,0.020433358528596623,0.575764
splice,logreg,0.05,2,0.020433358528596623,0.537728
splice,latentclass,0.05,2,0.020433358528596623,0.50057
splice,pca,0.05,2,0.020433358528596623,0.514398
splice,iforest,0.05,2,0.020433358528596623,0.4982345
splice,knn,0.05,2,0.020433358528596623,0.5055215
uniform,lsm_native,0.05,2,0.033425715965398506,0.789005
uniform,marginal,0.05,2,0.033425715965398506,0.588235
uniform,pairwise,0.05,2,0.033425715965398506,0.753271
uniform,logreg,0.05,2,0.033425715965398506,0.695592
uniform,latentclass,0.05,2,0.033425715965398506,0.615248
uniform,pca,0.05,2,0.033425715965398506,0.612709
uniform,iforest,0.05,2,0.033425715965398506,0.547059
uniform,knn,0.05,2,0.033425715965398506,0.621781
permutation,lsm_native,0.1,0,0.05276308054085832,0.778102
permutation,marginal,0.1,0,0.05276308054085832,0.501327
permutation,pairwise,0.1,0,0.05276308054085832,0.733996
permutation,logreg,0.1,0,0.05276308054085832,0.665129
permutation,latentclass,0.1,0,0.05276308054085832,0.542178
permutation,pca,0.1,0,0.05276308054085832,0.584538
permutation,iforest,0.1,0,0.05276308054085832,0.502375
permutation,knn,0.1,0,0.05276308054085832,0.567034
lsm_native_conditional,lsm_native,0.1,0,0.03937599731250525,0.54083
lsm_native_conditional,marginal,0.1,0,0.03937599731250525,0.50363
lsm_native_conditional,pairwise,0.1,0,0.03937599731250525,0.575146
lsm_native_conditional,logreg,0.1,0,0.03937599731250525,0.578485
lsm_native_conditional,latentclass,0.1,0,0.03937599731250525,0.521201
lsm_native_conditional,pca,0.1,0,0.03937599731250525,0.539565
lsm_native_conditional,iforest,0.1,0,0.03937599731250525,0.502442
lsm_native_conditional,knn,0.1,0,0.03937599731250525,0.527608
logreg_conditional,lsm_native,0.1,0,0.03527336860670194,0.596061
logreg_conditional,marginal,0.1,0,0.03527336860670194,0.500214
logreg_conditional,pairwise,0.1,0,0.03527336860670194,0.567834
logreg_conditional,logreg,0.1,0,0.03527336860670194,0.467505
logreg_conditional,latentclass,0.1,0,0.03527336860670194,0.504476
logreg_conditional,pca,0.1,0,0.03527336860670194,0.503635
logreg_conditional,iforest,0.1,0,0.03527336860670194,0.49892
logreg_conditional,knn,0.1,0,0.03527336860670194,0.507408
latentclass_conditional,lsm_native,0.1,0,0.04501973628957756,0.744201
latentclass_conditional,marginal,0.1,0,0.04501973628957756,0.504231
latentclass_conditional,pairwise,0.1,0,0.04501973628957756,0.694288
latentclass_conditional,logreg,0.1,0,0.04501973628957756,0.62159
latentclass_conditional,latentclass,0.1,0,0.04501973628957756,0.498215
latentclass_conditional,pca,0.1,0,0.04501973628957756,0.5571275
latentclass_conditional,iforest,0.1,0,0.04501973628957756,0.502574
latentclass_conditional,knn,0.1,0,0.04501973628957756,0.537313
splice,lsm_native,0.1,0,0.041059880742420424,0.69113
splice,marginal,0.1,0,0.041059880742420424,0.489567
splice,pairwise,0.1,0,0.041059880742420424,0.646559
splice,logreg,0.1,0,0.041059880742420424,0.574046
splice,latentclass,0.1,0,0.041059880742420424,0.500402
splice,pca,0.1,0,0.041059880742420424,0.528214
splice,iforest,0.1,0,0.041059880742420424,0.491599
splice,knn,0.1,0,0.041059880742420424,0.503719
uniform,lsm_native,0.1,0,0.06660367850844041,0.924756
uniform,marginal,0.1,0,0.06660367850844041,0.672248
uniform,pairwise,0.1,0,0.06660367850844041,0.904724
uniform,logreg,0.1,0,0.06660367850844041,0.843513
uniform,latentclass,0.1,0,0.06660367850844041,0.719223
uniform,pca,0.1,0,0.06660367850844041,0.712481
uniform,iforest,0.1,0,0.06660367850844041,0.593828
uniform,knn,0.1,0,0.06660367850844041,0.733724
permutation,lsm_native,0.1,1,0.05293524817334341,0.776144
permutation,marginal,0.1,1,0.05293524817334341,0.501615
permutation,pairwise,0.1,1,0.05293524817334341,0.735394
permutation,logreg,0.1,1,0.05293524817334341,0.668348
permutation,latentclass,0.1,1,0.05293524817334341,0.542953
permutation,pca,0.1,1,0.05293524817334341,0.585039
permutation,iforest,0.1,1,0.05293524817334341,0.503945
permutation,knn,0.1,1,0.05293524817334341,0.5671755
lsm_native_conditional,lsm_native,0.1,1,0.039535567313345094,0.535703
lsm_native_conditional,marginal,0.1,1,0.039535567313345094,0.50217
lsm_native_conditional,pairwise,0.1,1,0.039535567313345094,0.570326
lsm_native_conditional,logreg,0.1,1,0.039535567313345094,0.571296
lsm_native_conditional,latentclass,0.1,1,0.039535567313345094,0.519884
lsm_native_conditional,pca,0.1,1,0.039535567313345094,0.534499
lsm_native_conditional,iforest,0.1,1,0.039535567313345094,0.502095
lsm_native_conditional,knn,0.1,1,0.039535567313345094,0.5242175
logreg_conditional,lsm_native,0.1,1,0.035752078609221465,0.589904
logreg_conditional,marginal,0.1,1,0.035752078609221465,0.498028
logreg_conditional,pairwise,0.1,1,0.035752078609221465,0.562522
logreg_conditional,logreg,0.1,1,0.035752078609221465,0.464967
logreg_conditional,latentclass,0.1,1,0.035752078609221465,0.502733
logreg_conditional,pca,0.1,1,0.035752078609221465,0.499663
logreg_conditional,iforest,0.1,1,0.035752078609221465,0.500921
logreg_conditional,knn,0.1,1,0.035752078609221465,0.504448
latentclass_conditional,lsm_native,0.1,1,0.04541026287058033,0.731868
latentclass_conditional,marginal,0.1,1,0.04541026287058033,0.501473
latentclass_conditional,pairwise,0.1,1,0.04541026287058033,0.691738
latentclass_conditional,logreg,0.1,1,0.04541026287058033,0.618744
latentclass_conditional,latentclass,0.1,1,0.04541026287058033,0.496138
latentclass_conditional,pca,0.1,1,0.04541026287058033,0.551985
latentclass_conditional,iforest,0.1,1,0.04541026287058033,0.504682
latentclass_conditional,knn,0.1,1,0.04541026287058033,0.5310755
splice,lsm_native,0.1,1,0.041143864953388766,0.686292
splice,marginal,0.1,1,0.041143864953388766,0.490709
splice,pairwise,0.1,1,0.041143864953388766,0.637861
splice,logreg,0.1,1,0.041143864953388766,0.569071
splice,latentclass,0.1,1,0.041143864953388766,0.499466
splice,pca,0.1,1,0.041143864953388766,0.524478
splice,iforest,0.1,1,0.041143864953388766,0.495719
splice,knn,0.1,1,0.041143864953388766,0.4997355
uniform,lsm_native,0.1,1,0.06673805324598975,0.912674
uniform,marginal,0.1,1,0.06673805324598975,0.671784
uniform,pairwise,0.1,1,0.06673805324598975,0.899785
uniform,logreg,0.1,1,0.06673805324598975,0.842192
uniform,latentclass,0.1,1,0.06673805324598975,0.717872
uniform,pca,0.1,1,0.06673805324598975,0.711319
uniform,iforest,0.1,1,0.06673805324598975,0.593304
uniform,knn,0.1,1,0.06673805324598975,0.7277425
permutation,lsm_native,0.1,2,0.05300243554211808,0.781916
permutation,marginal,0.1,2,0.05300243554211808,0.501876
permutation,pairwise,0.1,2,0.05300243554211808,0.738369
permutation,logreg,0.1,2,0.05300243554211808,0.667282
permutation,latentclass,0.1,2,0.05300243554211808,0.541432
permutation,pca,0.1,2,0.05300243554211808,0.587901
permutation,iforest,0.1,2,0.05300243554211808,0.502465
permutation,knn,0.1,2,0.05300243554211808,0.568447
lsm_native_conditional,lsm_native,0.1,2,0.03909465020576132,0.542488
lsm_native_conditional,marginal,0.1,2,0.03909465020576132,0.501985
lsm_native_conditional,pairwise,0.1,2,0.03909465020576132,0.570761
lsm_native_conditional,logreg,0.1,2,0.03909465020576132,0.571227
lsm_native_conditional,latentclass,0.1,2,0.03909465020576132,0.520009
lsm_native_conditional,pca,0.1,2,0.03909465020576132,0.535957
lsm_native_conditional,iforest,0.1,2,0.03909465020576132,0.50459
lsm_native_conditional,knn,0.1,2,0.03909465020576132,0.5261125
logreg_conditional,lsm_native,0.1,2,0.03526077097505669,0.594885
logreg_conditional,marginal,0.1,2,0.03526077097505669,0.499509
logreg_conditional,pairwise,0.1,2,0.03526077097505669,0.565968
logreg_conditional,logreg,0.1,2,0.03526077097505669,0.464731
logreg_conditional,latentclass,0.1,2,0.03526077097505669,0.502986
logreg_conditional,pca,0.1,2,0.03526077097505669,0.502285
logreg_conditional,iforest,0.1,2,0.03526077097505669,0.500621
logreg_conditional,knn,0.1,2,0.03526077097505669,0.505726
latentclass_conditional,lsm_native,0.1,2,0.0442344839170236,0.744757
latentclass_conditional,marginal,0.1,2,0.0442344839170236,0.503089
latentclass_conditional,pairwise,0.1,2,0.0442344839170236,0.691955
latentclass_conditional,logreg,0.1,2,0.0442344839170236,0.620723
latentclass_conditional,latentclass,0.1,2,0.0442344839170236,0.497683
latentclass_conditional,pca,0.1,2,0.0442344839170236,0.552497
latentclass_conditional,iforest,0.1,2,0.0442344839170236,0.50379
latentclass_conditional,knn,0.1,2,0.0442344839170236,0.5335485
splice,lsm_native,0.1,2,0.04138741916519694,0.699197
splice,marginal,0.1,2,0.04138741916519694,0.490962
splice,pairwise,0.1,2,0.04138741916519694,0.642091
splice,logreg,0.1,2,0.04138741916519694,0.569833
splice,latentclass,0.1,2,0.04138741916519694,0.500047
splice,pca,0.1,2,0.04138741916519694,0.525791
splice,iforest,0.1,2,0.04138741916519694,0.495147
splice,knn,0.1,2,0.04138741916519694,0.498737
uniform,lsm_native,0.1,2,0.06651549508692366,0.922797
uniform,marginal,0.1,2,0.06651549508692366,0.672579
uniform,pairwise,0.1,2,0.06651549508692366,0.895679
uniform,logreg,0.1,2,0.06651549508692366,0.838345
uniform,latentclass,0.1,2,0.06651549508692366,0.718776
uniform,pca,0.1,2,0.06651549508692366,0.709828
uniform,iforest,0.1,2,0.06651549508692366,0.59081
uniform,knn,0.1,2,0.06651549508692366,0.7301315
permutation,lsm_native,0.2,0,0.10419081212732006,0.897333
permutation,marginal,0.2,0,0.10419081212732006,0.503961
permutation,pairwise,0.2,0,0.10419081212732006,0.8676
permutation,logreg,0.2,0,0.10419081212732006,0.780856
permutation,latentclass,0.2,0,0.10419081212732006,0.585882
permutation,pca,0.2,0,0.10419081212732006,0.657335
permutation,iforest,0.2,0,0.10419081212732006,0.504754
permutation,knn,0.2,0,0.10419081212732006,0.6278465
lsm_native_conditional,lsm_native,0.2,0,0.08033089779121526,0.613036
lsm_native_conditional,marginal,0.2,0,0.08033089779121526,0.502208
lsm_native_conditional,pairwise,0.2,0,0.08033089779121526,0.650035
lsm_native_conditional,logreg,0.2,0,0.08033089779121526,0.646784
lsm_native_conditional,latentclass,0.2,0,0.08033089779121526,0.541246
lsm_native_conditional,pca,0.2,0,0.08033089779121526,0.575761
lsm_native_conditional,iforest,0.2,0,0.08033089779121526,0.505773
lsm_native_conditional,knn,0.2,0,0.08033089779121526,0.550959
logreg_conditional,lsm_native,0.2,0,0.07328042328042328,0.684967
logreg_conditional,marginal,0.2,0,0.07328042328042328,0.502406
logreg_conditional,pairwise,0.2,0,0.07328042328042328,0.645946
logreg_conditional,logreg,0.2,0,0.07328042328042328,0.459987
logreg_conditional,latentclass,0.2,0,0.07328042328042328,0.517648
logreg_conditional,pca,0.2,0,0.07328042328042328,0.520362
logreg_conditional,iforest,0.2,0,0.07328042328042328,0.503786
logreg_conditional,knn,0.2,0,0.07328042328042328,0.522195
latentclass_conditional,lsm_native,0.2,0,0.09001007810531621,0.857726
latentclass_conditional,marginal,0.2,0,0.09001007810531621,0.504296
latentclass_conditional,pairwise,0.2,0,0.09001007810531621,0.812942
latentclass_conditional,logreg,0.2,0,0.09001007810531621,0.714951
latentclass_conditional,latentclass,0.2,0,0.09001007810531621,0.492633
latentclass_conditional,pca,0.2,0,0.09001007810531621,0.599752
latentclass_conditional,iforest,0.2,0,0.09001007810531621,0.501796
latentclass_conditional,knn,0.2,0,0.09001007810531621,0.561553
splice,lsm_native,0.2,0,0.08356009070294784,0.799058
splice,marginal,0.2,0,0.08356009070294784,0.481218
splice,pairwise,0.2,0,0.08356009070294784,0.747052
splice,logreg,0.2,0,0.08356009070294784,0.614475
splice,latentclass,0.2,0,0.08356009070294784,0.496781
splice,pca,0.2,0,0.08356009070294784,0.5449235
splice,iforest,0.2,0,0.08356009070294784,0.490393
splice,knn,0.2,0,0.08356009070294784,0.4741055
uniform,lsm_native,0.2,0,0.1334467120181406,0.985995
uniform,marginal,0.2,0,0.1334467120181406,0.808129
uniform,pairwise,0.2,0,0.1334467120181406,0.98617
uniform,logreg,0.2,0,0.1334467120181406,0.964661
uniform,latentclass,0.2,0,0.1334467120181406,0.866351
uniform,pca,0.2,0,0.1334467120181406,0.852023
uniform,iforest,0.2,0,0.1334467120181406,0.676158
uniform,knn,0.2,0,0.1334467120181406,0.887025
permutation,lsm_native,0.2,1,0.1036533131771227,0.903337
permutation,marginal,0.2,1,0.1036533131771227,0.502876
permutation,pairwise,0.2,1,0.1036533131771227,0.871978
permutation,logreg,0.2,1,0.1036533131771227,0.7803
permutation,latentclass,0.2,1,0.1036533131771227,0.581156
permutation,pca,0.2,1,0.1036533131771227,0.652631
permutation,iforest,0.2,1,0.1036533131771227,0.508057
permutation,knn,0.2,1,0.1036533131771227,0.628182
lsm_native_conditional,lsm_native,0.2,1,0.08063744016124968,0.606956
lsm_native_conditional,marginal,0.2,1,0.08063744016124968,0.502876
lsm_native_conditional,pairwise,0.2,1,0.08063744016124968,0.648832
lsm_native_conditional,logreg,0.2,1,0.08063744016124968,0.644237
lsm_native_conditional,latentclass,0.2,1,0.08063744016124968,0.540357
lsm_native_conditional,pca,0.2,1,0.08063744016124968,0.571716
lsm_native_conditional,iforest,0.2,1,0.08063744016124968,0.504102
lsm_native_conditional,knn,0.2,1,0.08063744016124968,0.553492
logreg_conditional,lsm_native,0.2,1,0.0730116738053246,0.682571
logreg_conditional,marginal,0.2,1,0.0730116738053246,0.500762
logreg_conditional,pairwise,0.2,1,0.0730116738053246,0.645151
logreg_conditional,logreg,0.2,1,0.0730116738053246,0.453108
logreg_conditional,latentclass,0.2,1,0.0730116738053246,0.513228
logreg_conditional,pca,0.2,1,0.0730116738053246,0.514696
logreg_conditional,iforest,0.2,1,0.0730116738053246,0.503164
logreg_conditional,knn,0.2,1,0.0730116738053246,0.519213
latentclass_conditional,lsm_native,0.2,1,0.0909800957420005,0.863062
latentclass_conditional,marginal,0.2,1,0.0909800957420005,0.502359
latentclass_conditional,pairwise,0.2,1,0.0909800957420005,0.817832
latentclass_conditional,logreg,0.2,1,0.0909800957420005,0.714374
latentclass_conditional,latentclass,0.2,1,0.0909800957420005,0.490721
latentclass_conditional,pca,0.2,1,0.0909800957420005,0.599148
latentclass_conditional,iforest,0.2,1,0.0909800957420005,0.504488
latentclass_conditional,knn,0.2,1,0.0909800957420005,0.561397
splice,lsm_native,0.2,1,0.08271604938271605,0.792256
splice,marginal,0.2,1,0.08271604938271605,0.480156
splice,pairwise,0.2,1,0.08271604938271605,0.734936
splice,logreg,0.2,1,0.08271604938271605,0.608085
splice,latentclass,0.2,1,0.08271604938271605,0.497735
splice,pca,0.2,1,0.08271604938271605,0.542002
splice,iforest,0.2,1,0.08271604938271605,0.48809
splice,knn,0.2,1,0.08271604938271605,0.475642
uniform,lsm_native,0.2,1,0.13274544385655496,0.985626
uniform,marginal,0.2,1,0.13274544385655496,0.809293
uniform,pairwise,0.2,1,0.13274544385655496,0.985666
uniform,logreg,0.2,1,0.13274544385655496,0.964241
uniform,latentclass,0.2,1,0.13274544385655496,0.867789
uniform,pca,0.2,1,0.13274544385655496,0.8514645
uniform,iforest,0.2,1,0.13274544385655496,0.678931
uniform,knn,0.2,1,0.13274544385655496,0.888775
permutation,lsm_native,0.2,2,0.10518182581674645,0.903669
permutation,marginal,0.2,2,0.10518182581674645,0.502259
permutation,pairwise,0.2,2,0.10518182581674645,0.871348
permutation,logreg,0.2,2,0.10518182581674645,0.783511
permutation,latentclass,0.2,2,0.10518182581674645,0.580151
permutation,pca,0.2,2,0.10518182581674645,0.6559665
permutation,iforest,0.2,2,0.10518182581674645,0.50286
permutation,knn,0.2,2,0.10518182581674645,0.628867
lsm_native_conditional,lsm_native,0.2,2,0.08067103384563702,0.619183
lsm_native_conditional,marginal,0.2,2,0.08067103384563702,0.501945
lsm_native_conditional,pairwise,0.2,2,0.08067103384563702,0.65816
lsm_native_conditional,logreg,0.2,2,0.08067103384563702,0.643903
lsm_native_conditional,latentclass,0.2,2,0.08067103384563702,0.539665
lsm_native_conditional,pca,0.2,2,0.08067103384563702,0.5710065
lsm_native_conditional,iforest,0.2,2,0.08067103384563702,0.500031
lsm_native_conditional,knn,0.2,2,0.08067103384563702,0.5531495
logreg_conditional,lsm_native,0.2,2,0.07389350802049215,0.68898
logreg_conditional,marginal,0.2,2,0.07389350802049215,0.500293
logreg_conditional,pairwise,0.2,2,0.07389350802049215,0.64866
logreg_conditional,logreg,0.2,2,0.07389350802049215,0.461278
logreg_conditional,latentclass,0.2,2,0.07389350802049215,0.513503
logreg_conditional,pca,0.2,2,0.07389350802049215,0.517914
logreg_conditional,iforest,0.2,2,0.07389350802049215,0.499738
logreg_conditional,knn,0.2,2,0.07389350802049215,0.523731
latentclass_conditional,lsm_native,0.2,2,0.09047199126564207,0.859902
latentclass_conditional,marginal,0.2,2,0.09047199126564207,0.504351
latentclass_conditional,pairwise,0.2,2,0.09047199126564207,0.821335
latentclass_conditional,logreg,0.2,2,0.09047199126564207,0.713736
latentclass_conditional,latentclass,0.2,2,0.09047199126564207,0.491569
latentclass_conditional,pca,0.2,2,0.09047199126564207,0.597782
latentclass_conditional,iforest,0.2,2,0.09047199126564207,0.50468
latentclass_conditional,knn,0.2,2,0.09047199126564207,0.5673145
splice,lsm_native,0.2,2,0.08231292517006802,0.798367
splice,marginal,0.2,2,0.08231292517006802,0.480501
splice,pairwise,0.2,2,0.08231292517006802,0.737595
splice,logreg,0.2,2,0.08231292517006802,0.605514
splice,latentclass,0.2,2,0.08231292517006802,0.494649
splice,pca,0.2,2,0.08231292517006802,0.538359
splice,iforest,0.2,2,0.08231292517006802,0.487055
splice,knn,0.2,2,0.08231292517006802,0.476232
uniform,lsm_native,0.2,2,0.13324514991181657,0.987651
uniform,marginal,0.2,2,0.13324514991181657,0.807563
uniform,pairwise,0.2,2,0.13324514991181657,0.98861
uniform,logreg,0.2,2,0.13324514991181657,0.965992
uniform,latentclass,0.2,2,0.13324514991181657,0.868062
uniform,pca,0.2,2,0.13324514991181657,0.852512
uniform,iforest,0.2,2,0.13324514991181657,0.678449
uniform,knn,0.2,2,0.13324514991181657,0.88949
