mechanism,rho_requested,repeat,rho_realized,auc_lsm,auc_marg,mean_dU,frac_dU_pos,mean_dU_per_changed,split_seed
hotdeck,0.005,0,0.0022969127597120007,0.5227145,0.4995185,4.414672405980643,0.51,4.793346803453467,0
hotdeck,0.005,1,0.0023617550308873666,0.524002,0.499563,4.529125204216332,0.507,4.782603172350932,0
hotdeck,0.005,2,0.0022994066932187454,0.5218305,0.499237,4.36980612007749,0.49,4.7394860304528095,0
hotdeck,0.005,3,0.0022245886880164,0.52123,0.4992865,4.146320831500361,0.521,4.6483417393501805,0
hotdeck,0.005,4,0.0022969127597120007,0.5194355,0.4995845,4.013649803038672,0.526,4.3579259533536066,0
hotdeck,0.01,0,0.004538958982275614,0.5440265,0.499625,9.052303093485266,0.7,4.973792908508388,0
hotdeck,0.01,1,0.004770894798402885,0.5490675,0.499207,9.616006857368848,0.719,5.026663281426475,0
hotdeck,0.01,2,0.004496562112660953,0.552361,0.498977,10.357226430308001,0.699,5.744440615811426,0
hotdeck,0.01,3,0.0046611617241061115,0.5469385,0.4985515,8.759217511356036,0.693,4.686579727852347,0
hotdeck,0.01,4,0.004514019647208166,0.5390745,0.4992295,7.965843140479126,0.667,4.401018309656975,0
hotdeck,0.02,0,0.009277432645090816,0.578886,0.4975465,16.573574388682843,0.815,4.4552619324416245,0
hotdeck,0.02,1,0.009461983724589935,0.581636,0.4993625,17.653717401636136,0.814,4.6530620457659815,0
hotdeck,0.02,2,0.009240023642489645,0.579266,0.4986145,17.62855796387309,0.834,4.758045334378702,0
hotdeck,0.02,3,0.009317335581198734,0.5815625,0.4986225,17.244369761776724,0.839,4.615730664287132,0
hotdeck,0.02,4,0.009085399765071464,0.5809355,0.4982795,17.389048978186374,0.843,4.7732772380418265,0
hotdeck,0.05,0,0.02319358161272704,0.675824,0.495657,41.192264854636335,0.921,4.429275790821111,0
hotdeck,0.05,1,0.023467914298468975,0.678343,0.496047,42.01033839233593,0.928,4.464435535848664,0
hotdeck,0.05,2,0.023216027014287745,0.668409,0.495761,40.06403610503262,0.922,4.303795907727212,0
hotdeck,0.05,3,0.023492853633536422,0.67506,0.495077,42.3552431323988,0.931,4.496310311294989,0
hotdeck,0.05,4,0.02324346028286194,0.67611,0.496161,41.29401907692074,0.923,4.430688742158877,0
hotdeck,0.1,0,0.04645699336364294,0.781486,0.494564,81.64852098829739,0.967,4.383107203580491,0
hotdeck,0.1,1,0.04646198123065643,0.777991,0.492966,79.0935528069283,0.97,4.245493977827606,0
hotdeck,0.1,2,0.04634476635583942,0.775474,0.493303,77.55649108353875,0.964,4.173518327694062,0
hotdeck,0.1,3,0.04653929316936552,0.781774,0.491833,79.86835446249252,0.966,4.27996112011642,0
hotdeck,0.1,4,0.04615772134283356,0.77857,0.492517,78.18428141323591,0.952,4.224350627471143,0
hotdeck,0.2,0,0.0924201878929504,0.878583,0.481963,138.72515658521397,0.983,3.743460429197851,0
hotdeck,0.2,1,0.0939215358640108,0.881477,0.482966,138.88614122924508,0.978,3.687895412353826,0
hotdeck,0.2,2,0.09264962977557092,0.886432,0.482998,139.00101049903466,0.975,3.7416153566361956,0
hotdeck,0.2,3,0.09330802822135156,0.88631,0.484927,141.61157532482,0.981,3.784988916577217,0
hotdeck,0.2,4,0.09310601960730523,0.880749,0.484438,137.28443869990966,0.982,3.6772945838777935,0
uniform,0.005,0,0.003386761702159497,0.556842,0.5088505,11.761773557997133,0.777,8.661099821794648,0
uniform,0.005,1,0.0033493526995583243,0.5660115,0.5092225,13.445595546909047,0.812,10.01161246977591,0
uniform,0.005,2,0.0033294012315043657,0.5637005,0.509018,12.48001149142987,0.779,9.34832321455421,0
uniform,0.005,3,0.0033169315639706414,0.5562235,0.5087825,11.73252421753608,0.781,8.821446780102315,0
uniform,0.005,4,0.0033318951650111103,0.5663655,0.508763,13.240926857524146,0.795,9.910873396350409,0
uniform,0.01,0,0.0066737660640492,0.613866,0.517323,24.409901910229202,0.934,9.12178696196906,0
uniform,0.01,1,0.006835871741987615,0.6130605,0.517501,24.72414741358935,0.926,9.02011945041567,0
uniform,0.01,2,0.006918171547710195,0.617984,0.517728,25.59944752153024,0.92,9.22835166601667,0
uniform,0.01,3,0.006643838861968262,0.6201705,0.5162095,25.85545294712217,0.919,9.705500355526341,0
uniform,0.01,4,0.006501684652083806,0.610633,0.516188,23.842957586554512,0.911,9.14574514252187,0
uniform,0.02,0,0.01381639162736643,0.706506,0.535647,51.75254384959371,0.981,9.341614413284063,0
uniform,0.02,1,0.013571986143705436,0.698656,0.533457,49.17301007487119,0.987,9.035834265871223,0
uniform,0.02,2,0.013654285949428016,0.701944,0.53478,50.61234029687234,0.978,9.244263067921889,0
uniform,0.02,3,0.013574480077212181,0.696702,0.533534,48.20650080601732,0.98,8.85660496160524,0
uniform,0.02,4,0.013472228803435642,0.7032615,0.5335635,49.17554197973373,0.976,9.103210288732642,0
uniform,0.05,0,0.034511051866335136,0.86187,0.584136,123.78201439438588,0.994,8.945079808815283,0
uniform,0.05,1,0.03415192544136388,0.862621,0.583218,123.06566475209708,0.994,8.986831075806709,0
uniform,0.05,2,0.03419681624448529,0.857557,0.582783,119.7892741051075,0.999,8.736090585261632,0
uniform,0.05,3,0.03403720450005362,0.857889,0.582703,121.72358654420738,0.997,8.918785649487646,0
uniform,0.05,4,0.03423921311409995,0.85612,0.585591,122.47207689108757,0.996,8.920684455611301,0
uniform,0.1,0,0.06874028924640811,0.953668,0.658751,235.76834612801628,1.0,8.553798430069886,0
uniform,0.1,1,0.06828639334818055,0.951344,0.658816,232.22909081406547,0.995,8.481395522956264,0
uniform,0.1,2,0.06868542270925973,0.951019,0.656428,236.52576675505833,0.999,8.588132847574828,0
uniform,0.1,3,0.06823651467804566,0.948494,0.659946,230.39062422585076,0.999,8.420402186537435,0
uniform,0.1,4,0.06861559257107087,0.950235,0.658909,229.58117310672384,1.0,8.34446164019641,0
uniform,0.2,0,0.13672990450728603,0.989365,0.775095,427.60227663030366,1.0,7.799403130511695,0
uniform,0.2,1,0.13762023876919394,0.990438,0.776101,430.3560000841152,1.0,7.798847451779841,0
uniform,0.2,2,0.13634833268075405,0.98882,0.773799,429.72065674623923,1.0,7.859976893953746,0
uniform,0.2,3,0.13615879373424145,0.98891,0.776473,434.9159668325117,1.0,7.966077493452116,0
uniform,0.2,4,0.13640319921790245,0.9899,0.773629,435.6205782387723,1.0,7.964686770738514,0
sequential,0.05,0,0.02051509702648308,0.561792,0.500755,11.098617987557168,0.76,1.349212009185165,0
sequential,0.05,1,0.02044776082180097,0.561205,0.501531,12.230093725221185,0.766,1.4916567538994006,0
sequential,0.1,0,0.0419055647138336,0.611851,0.50279,22.82176976748168,0.83,1.3581961416105268,0
sequential,0.1,1,0.04169856823277378,0.612972,0.500237,22.59460586179705,0.811,1.3513520252270963,0
sequential,0.2,0,0.08533991066730179,0.709497,0.503952,47.882033130302354,0.871,1.399282069327051,0
sequential,0.2,1,0.0849234237716754,0.704315,0.504125,46.39280532792807,0.879,1.3624105875698365,0
